gensci,analsci,collsci,pynam,GL_pyscinam,N
FISH,AMMODYTIDAE,AMMODYTES DUBIUS,AMMODYTES DUBIUS,Ammodytes spp.,3
ARTHROPODA,AMPHIPODA,CAPRELLIDAE,AEGINELLA SPINOSA,Amphipoda,12
ARTHROPODA,AMPHIPODA,CAPRELLIDAE,AEGININA LONGICORNIS,Amphipoda,144
ARTHROPODA,AMPHIPODA,CAPRELLIDAE,CAPRELLA SP,Amphipoda,6
CNIDARIA,CNIDARIA,ANTHOZOA,ACTINIARIA,Anthozoa,710
CNIDARIA,CNIDARIA,ANTHOZOA,ANEMONIA SARGASSENSIS,Anthozoa,7
CNIDARIA,CNIDARIA,ANTHOZOA,BOLOCERA TUEDIAE,Anthozoa,1
CNIDARIA,CNIDARIA,ANTHOZOA,CERIANTHEOPSIS AMERICANA,Anthozoa,8
CNIDARIA,CNIDARIA,ANTHOZOA,CERIANTHUS BOREALIS,Anthozoa,7
CNIDARIA,CNIDARIA,ANTHOZOA,EDWARDSIA ELEGANS,Anthozoa,1
CNIDARIA,CNIDARIA,ANTHOZOA,METRIDIUM SENILE,Anthozoa,7
CNIDARIA,CNIDARIA,ANTHOZOA,PENNATULA ACULEATA,Anthozoa,5
MOLLUSCA,BIVALVIA,ARCTICA ISLANDICA,ARCTICA ISLANDICA,Bivalvia,62
MOLLUSCA,BIVALVIA,BIVALVIA,ANADARA TRANSVERSA,Bivalvia,1
MOLLUSCA,BIVALVIA,BIVALVIA,ANOMIA SIMPLEX,Bivalvia,1
MOLLUSCA,BIVALVIA,BIVALVIA,ASTARTE CASTANEA,Bivalvia,2
MOLLUSCA,BIVALVIA,BIVALVIA,ASTARTE UNDATA,Bivalvia,2
MOLLUSCA,BIVALVIA,BIVALVIA,BATHYARCA PECTUNCULOIDES,Bivalvia,8
MOLLUSCA,BIVALVIA,BIVALVIA,CARDIIDAE,Bivalvia,10
MOLLUSCA,BIVALVIA,BIVALVIA,CERASTODERMA PINNULATUM,Bivalvia,40
MOLLUSCA,BIVALVIA,BIVALVIA,CLINOCARDIUM CILIATUM,Bivalvia,2
MOLLUSCA,BIVALVIA,BIVALVIA,CRENELLA SP,Bivalvia,1
MOLLUSCA,BIVALVIA,BIVALVIA,CYCLOCARDIA BOREALIS,Bivalvia,2
MOLLUSCA,BIVALVIA,BIVALVIA,DACRYDIUM VITREUM,Bivalvia,2
MOLLUSCA,BIVALVIA,BIVALVIA,ENSIS DIRECTUS,Bivalvia,4
MOLLUSCA,BIVALVIA,BIVALVIA,GEUKENSIA SP,Bivalvia,1
MOLLUSCA,BIVALVIA,BIVALVIA,LIMATULA SUBAURICULATA,Bivalvia,5
MOLLUSCA,BIVALVIA,BIVALVIA,LIMIDAE,Bivalvia,4
MOLLUSCA,BIVALVIA,BIVALVIA,LIMOPSIS SP,Bivalvia,6
MOLLUSCA,BIVALVIA,BIVALVIA,MACTRIDAE,Bivalvia,15
MOLLUSCA,BIVALVIA,BIVALVIA,MERCENARIA SP,Bivalvia,4
MOLLUSCA,BIVALVIA,BIVALVIA,MODIOLUS MODIOLUS,Bivalvia,1
MOLLUSCA,BIVALVIA,BIVALVIA,MUSCULUS NIGER,Bivalvia,2
MOLLUSCA,BIVALVIA,BIVALVIA,MYA ARENARIA,Bivalvia,4
MOLLUSCA,BIVALVIA,BIVALVIA,MYTILUS EDULIS,Bivalvia,7
MOLLUSCA,BIVALVIA,BIVALVIA,NUCULA PROXIMA,Bivalvia,9
MOLLUSCA,BIVALVIA,BIVALVIA,NUCULA TENUIS,Bivalvia,2
MOLLUSCA,BIVALVIA,BIVALVIA,NUCULANA TENUISULCATA,Bivalvia,2
MOLLUSCA,BIVALVIA,BIVALVIA,SILIQUA COSTATA,Bivalvia,19
MOLLUSCA,BIVALVIA,BIVALVIA,SOLEMYA VELUM,Bivalvia,7
MOLLUSCA,BIVALVIA,BIVALVIA,SOLENIDAE,Bivalvia,881
MOLLUSCA,BIVALVIA,BIVALVIA,SPISULA SOLIDISSIMA,Bivalvia,83
MOLLUSCA,BIVALVIA,BIVALVIA,TELLINA SP,Bivalvia,4
MOLLUSCA,BIVALVIA,BIVALVIA,THYASIRA SP,Bivalvia,1
MOLLUSCA,BIVALVIA,BIVALVIA,YOLDIA LIMATULA,Bivalvia,1
MOLLUSCA,BIVALVIA,BIVALVIA,YOLDIA THRACIAEFORMIS,Bivalvia,2
MOLLUSCA,BIVALVIA,BIVALVIA,YOLDIELLA IRIS,Bivalvia,2
MOLLUSCA,BIVALVIA,BIVALVIA,YOLDIELLA LUCIDA,Bivalvia,3
MOLLUSCA,BIVALVIA,PECTINIDAE,AEQUIPECTEN GLYPTUS,Bivalvia,1
MOLLUSCA,BIVALVIA,PECTINIDAE,ARGOPECTEN IRRADIANS,Bivalvia,3
MOLLUSCA,BIVALVIA,PECTINIDAE,CHLAMYS ISLANDICA,Bivalvia,2
MOLLUSCA,BIVALVIA,PECTINIDAE,PECTINIDAE,Bivalvia,521
MOLLUSCA,BIVALVIA,PECTINIDAE,PLACOPECTEN MAGELLANICUS,Bivalvia,244
ARTHROPODA,DECAPODA,CANCRIDAE,CANCER BOREALIS,Cancridae,1208
ARTHROPODA,DECAPODA,CANCRIDAE,CANCER IRRORATUS,Cancridae,4032
MOLLUSCA,CEPHALOPODA,ABRALIA VERANYI,ABRALIA VERANYI,Cephalopoda,5
MOLLUSCA,CEPHALOPODA,CEPHALOPODA,CEPHALOPODA,Cephalopoda,3277
MOLLUSCA,CEPHALOPODA,CEPHALOPODA,TEUTHOIDEA GLADIUS,Cephalopoda,41
MOLLUSCA,CEPHALOPODA,LOLLIGUNCULA BREVIS,LOLLIGUNCULA BREVIS,Cephalopoda,21
MOLLUSCA,CEPHALOPODA,OCTOPODA,BATHYPOLYPUS ARCTICUS,Cephalopoda,64
MOLLUSCA,CEPHALOPODA,SEMIROSSIA TENERA,SEMIROSSIA TENERA,Cephalopoda,2
MOLLUSCA,CEPHALOPODA,SEPIOLIDAE,ROSSIA MEGAPTERA,Cephalopoda,1
MOLLUSCA,CEPHALOPODA,SEPIOLIDAE,STOLOTEUTHIS LEUCOPTERA,Cephalopoda,2
FISH,CLUPEIDAE,ALOSA AESTIVALIS,ALOSA AESTIVALIS,Clupeidae,26
FISH,CLUPEIDAE,ALOSA PSEUDOHARENGUS,ALOSA PSEUDOHARENGUS,Clupeidae,76
FISH,CLUPEIDAE,ALOSA SAPIDISSIMA,ALOSA SAPIDISSIMA,Clupeidae,6
FISH,CLUPEIDAE,BREVOORTIA TYRANNUS,BREVOORTIA TYRANNUS,Clupeidae,17
FISH,CLUPEIDAE,ETRUMEUS TERES,ETRUMEUS TERES,Clupeidae,83
FISH,CLUPEIDAE,CLUPEA HARENGUS,CLUPEA HARENGUS,Clupea harengus,1380
CNIDARIA,CNIDARIA,SCYPHOZOA,AURELIA AURITA,Cnidarians,2
CNIDARIA,CNIDARIA,SCYPHOZOA,SCYPHOZOA,Cnidarians,147
FISH,COTTIDAE,ARTEDIELLUS UNCINATUS,ARTEDIELLUS UNCINATUS,Cottidae,3
FISH,COTTIDAE,HEMITRIPTERUS AMERICANUS,HEMITRIPTERUS AMERICANUS,Cottidae,20
FISH,COTTIDAE,MYOXOCEPHALUS AENAEUS,MYOXOCEPHALUS AENAEUS,Cottidae,23
FISH,COTTIDAE,MYOXOCEPHALUS OCTODECEMSPINOSUS,MYOXOCEPHALUS OCTODECEMSPINOSUS,Cottidae,292
FISH,COTTIDAE,MYOXOCEPHALUS SCORPIUS,MYOXOCEPHALUS SCORPIUS,Cottidae,1
FISH,COTTIDAE,TRIGLOPS MURRAYI,TRIGLOPS MURRAYI,Cottidae,38
ARTHROPODA,DECAPODA,CRANGONIDAE,CRANGON SEPTEMSPINOSA,Crangonidae,4554
ARTHROPODA,DECAPODA,CRANGONIDAE,PONTOPHILUS BREVIROSTRIS,Crangonidae,7
ARTHROPODA,DECAPODA,CRANGONIDAE,PONTOPHILUS NORVEGICUS,Crangonidae,8
ARTHROPODA,DECAPODA,CRANGONIDAE,SABINEA SARSII,Crangonidae,1
ARTHROPODA,DECAPODA,CRANGONIDAE,SCLEROCRANGON BOREAS,Crangonidae,3
ARTHROPODA,CUMACEA,CUMACEA,CYCLASPIS VARIANS,Crustacean shrimp,1
ARTHROPODA,CUMACEA,CUMACEA,DIASTYLIS POLITA,Crustacean shrimp,1
ARTHROPODA,CUMACEA,CUMACEA,DIASTYLIS QUADRISPINOSA,Crustacean shrimp,16
ARTHROPODA,CUMACEA,CUMACEA,DIASTYLIS SCULPTA,Crustacean shrimp,21
ARTHROPODA,CUMACEA,CUMACEA,EUDORELLA EMARGINATA,Crustacean shrimp,5
ARTHROPODA,CUMACEA,CUMACEA,EUDORELLA TRUNCATULA,Crustacean shrimp,1
ARTHROPODA,CUMACEA,CUMACEA,LAMPROPS QUADRIPLICATA,Crustacean shrimp,2
ARTHROPODA,CUMACEA,CUMACEA,LEUCON AMERICANUS,Crustacean shrimp,3
ARTHROPODA,CUMACEA,CUMACEA,PETALOSARSIA DECLIVIS,Crustacean shrimp,4
ARTHROPODA,CUMACEA,CUMACEA,PSEUDOLEPTOCUMA MINOR,Crustacean shrimp,22
ARTHROPODA,STOMATOPODA,STOMATOPODA,NEBALIACEA,Crustacean shrimp,1
ARTHROPODA,STOMATOPODA,STOMATOPODA,PLATYSQUILLA ENODIS,Crustacean shrimp,3
ARTHROPODA,STOMATOPODA,STOMATOPODA,SQUILLA SP,Crustacean shrimp,1
ARTHROPODA,STOMATOPODA,STOMATOPODA,TANAIDAE,Crustacean shrimp,4
ARTHROPODA,CIRRIPEDIA,CIRRIPEDIA,BALANUS SP,Crustacea,2
ARTHROPODA,CIRRIPEDIA,CIRRIPEDIA,CIRRIPEDIA,Crustacea,38
CTENOPHORA,CTENOPHORA,CTENOPHORA,CTENOPHORA,Ctenophora,8119
CTENOPHORA,CTENOPHORA,CTENOPHORA,MERTENSIA OVUM,Ctenophora,2
CTENOPHORA,CTENOPHORA,CTENOPHORA,PLEUROBRACHIA PILEUS,Ctenophora,42
ARTHROPODA,DECAPODA,CALLINECTES SAPIDUS,CALLINECTES SAPIDUS,Decapoda crabs,4
ARTHROPODA,DECAPODA,DECAPODA CRAB,ACANTHOCARPUS ALEXANDRI,Decapoda crabs,20
ARTHROPODA,DECAPODA,DECAPODA CRAB,ALBUNEA GIBBESII,Decapoda crabs,2
ARTHROPODA,DECAPODA,DECAPODA CRAB,BATHYNECTES LONGISPINA,Decapoda crabs,2
ARTHROPODA,DECAPODA,DECAPODA CRAB,CALAPPIDAE,Decapoda crabs,4
ARTHROPODA,DECAPODA,DECAPODA CRAB,CARCINUS MAENAS,Decapoda crabs,3
ARTHROPODA,DECAPODA,DECAPODA CRAB,CHIONOECETES OPILIO,Decapoda crabs,8
ARTHROPODA,DECAPODA,DECAPODA CRAB,DIOGENIDAE,Decapoda crabs,6
ARTHROPODA,DECAPODA,DECAPODA CRAB,EMERITA TALPOIDA,Decapoda crabs,2
ARTHROPODA,DECAPODA,DECAPODA CRAB,EUPROGNATHA RASTELLIFERA,Decapoda crabs,1
ARTHROPODA,DECAPODA,DECAPODA CRAB,GALATHEIDAE,Decapoda crabs,611
ARTHROPODA,DECAPODA,DECAPODA CRAB,GERYON QUINQUEDENS,Decapoda crabs,27
ARTHROPODA,DECAPODA,DECAPODA CRAB,HEPATUS EPHELITICUS,Decapoda crabs,3
ARTHROPODA,DECAPODA,DECAPODA CRAB,HIPPOIDEA,Decapoda crabs,6
ARTHROPODA,DECAPODA,DECAPODA CRAB,HYAS ARANEUS,Decapoda crabs,2
ARTHROPODA,DECAPODA,DECAPODA CRAB,HYAS COARCTATUS,Decapoda crabs,108
ARTHROPODA,DECAPODA,DECAPODA CRAB,LEUCOSIIDAE,Decapoda crabs,1
ARTHROPODA,DECAPODA,DECAPODA CRAB,LIBINIA EMARGINATA,Decapoda crabs,1
ARTHROPODA,DECAPODA,DECAPODA CRAB,LITHODES MAJA,Decapoda crabs,27
ARTHROPODA,DECAPODA,DECAPODA CRAB,MAJIDAE,Decapoda crabs,409
ARTHROPODA,DECAPODA,DECAPODA CRAB,MUNIDA IRIS,Decapoda crabs,43
ARTHROPODA,DECAPODA,DECAPODA CRAB,MUNIDOPSIS SP,Decapoda crabs,4
ARTHROPODA,DECAPODA,DECAPODA CRAB,OVALIPES OCELLATUS,Decapoda crabs,353
ARTHROPODA,DECAPODA,DECAPODA CRAB,OVALIPES STEPHENSONI,Decapoda crabs,25
ARTHROPODA,DECAPODA,DECAPODA CRAB,PALICIDAE,Decapoda crabs,1
ARTHROPODA,DECAPODA,DECAPODA CRAB,PANOPEUS HERBSTII,Decapoda crabs,1
ARTHROPODA,DECAPODA,DECAPODA CRAB,PARTHENOPIDAE,Decapoda crabs,4
ARTHROPODA,DECAPODA,DECAPODA CRAB,PELIA MUTICA,Decapoda crabs,1
ARTHROPODA,DECAPODA,DECAPODA CRAB,PERSEPHONA SP,Decapoda crabs,1
ARTHROPODA,DECAPODA,DECAPODA CRAB,PINNOTHERES SP,Decapoda crabs,1
ARTHROPODA,DECAPODA,DECAPODA CRAB,PORTUNIDAE,Decapoda crabs,83
ARTHROPODA,DECAPODA,DECAPODA CRAB,PORTUNUS GIBBESII,Decapoda crabs,1
ARTHROPODA,DECAPODA,DECAPODA CRAB,PORTUNUS SAYI,Decapoda crabs,1
ARTHROPODA,DECAPODA,DECAPODA CRAB,XANTHIDAE,Decapoda crabs,46
ARTHROPODA,DECAPODA,DECAPODA SHRIMP,AXIIDAE,Decapoda shrimp,51
ARTHROPODA,DECAPODA,DECAPODA SHRIMP,AXIUS SERRATUS,Decapoda shrimp,82
ARTHROPODA,DECAPODA,DECAPODA SHRIMP,CALLIANASSA SETIMANUS,Decapoda shrimp,2
ARTHROPODA,DECAPODA,DECAPODA SHRIMP,CALLIANASSIDAE,Decapoda shrimp,2
ARTHROPODA,DECAPODA,DECAPODA SHRIMP,CALOCARIS TEMPLEMANNI,Decapoda shrimp,4
ARTHROPODA,DECAPODA,DECAPODA SHRIMP,CARIDION GORDONI,Decapoda shrimp,6
ARTHROPODA,DECAPODA,DECAPODA SHRIMP,EUALUS GAIMARDII,Decapoda shrimp,5
ARTHROPODA,DECAPODA,DECAPODA SHRIMP,EUALUS PUSIOLUS,Decapoda shrimp,127
ARTHROPODA,DECAPODA,DECAPODA SHRIMP,HIPPOLYTE SP,Decapoda shrimp,4
ARTHROPODA,DECAPODA,DECAPODA SHRIMP,HIPPOLYTIDAE,Decapoda shrimp,31
ARTHROPODA,DECAPODA,DECAPODA SHRIMP,LEANDER TENUICORNIS,Decapoda shrimp,2
ARTHROPODA,DECAPODA,DECAPODA SHRIMP,LEBBEUS GROENLANDICUS,Decapoda shrimp,9
ARTHROPODA,DECAPODA,DECAPODA SHRIMP,LEBBEUS POLARIS,Decapoda shrimp,9
ARTHROPODA,DECAPODA,DECAPODA SHRIMP,LEBBEUS ZEBRA,Decapoda shrimp,2
ARTHROPODA,DECAPODA,DECAPODA SHRIMP,LUCIFER FAXONI,Decapoda shrimp,1
ARTHROPODA,DECAPODA,DECAPODA SHRIMP,NAUSHONIA CRANGONOIDES,Decapoda shrimp,2
ARTHROPODA,DECAPODA,DECAPODA SHRIMP,PALAEMONETES VULGARIS,Decapoda shrimp,4
ARTHROPODA,DECAPODA,DECAPODA SHRIMP,PALAEMONIDAE,Decapoda shrimp,5
ARTHROPODA,DECAPODA,DECAPODA SHRIMP,PASIPHAEA MULTIDENTATA,Decapoda shrimp,118
ARTHROPODA,DECAPODA,DECAPODA SHRIMP,PASIPHAEA TARDA,Decapoda shrimp,6
ARTHROPODA,DECAPODA,DECAPODA SHRIMP,PASIPHAEIDAE,Decapoda shrimp,707
ARTHROPODA,DECAPODA,DECAPODA SHRIMP,PROCESSIDAE,Decapoda shrimp,3
ARTHROPODA,DECAPODA,DECAPODA SHRIMP,SERGESTIDAE,Decapoda shrimp,6
ARTHROPODA,DECAPODA,DECAPODA SHRIMP,SICYONIA SP,Decapoda shrimp,13
ARTHROPODA,DECAPODA,DECAPODA SHRIMP,SPIRONTOCARIS LILJEBORGII,Decapoda shrimp,4
ARTHROPODA,DECAPODA,DECAPODA SHRIMP,SPIRONTOCARIS SPINUS,Decapoda shrimp,8
ARTHROPODA,DECAPODA,DECAPODA SHRIMP,THALASSINOIDEA,Decapoda shrimp,341
ARTHROPODA,DECAPODA,DECAPODA SHRIMP,UPOGEBIA AFFINIS,Decapoda shrimp,1
ARTHROPODA,DECAPODA,HOMARUS AMERICANUS,HOMARUS AMERICANUS,Decapoda shrimp,113
ARTHROPODA,DECAPODA,PENAEIDAE,PENAEIDAE,Decapoda shrimp,49
ARTHROPODA,DECAPODA,PENAEIDAE,PENAEUS AZTECUS,Decapoda shrimp,3
ARTHROPODA,DECAPODA,PENAEIDAE,PENAEUS SETIFERUS,Decapoda shrimp,1
ARTHROPODA,DECAPODA,SCYLLARIDAE,SCYLLARIDAE,Decapoda shrimp,12
ARTHROPODA,DECAPODA,SCYLLARIDAE,SCYLLARUS SP,Decapoda shrimp,1
ECHINODERMATA,ASTEROIDEA,ASTEROIDEA,ASTERIAS VULGARIS,Echinodermata,1
ECHINODERMATA,ASTEROIDEA,ASTEROIDEA,ASTERIIDAE,Echinodermata,3
ECHINODERMATA,ASTEROIDEA,ASTEROIDEA,ASTEROIDEA,Echinodermata,336
ECHINODERMATA,ASTEROIDEA,ASTEROIDEA,ASTROPECTEN SP,Echinodermata,12
ECHINODERMATA,ASTEROIDEA,ASTEROIDEA,CTENODISCUS CRISPATUS,Echinodermata,2
ECHINODERMATA,ASTEROIDEA,ASTEROIDEA,PEDICELLASTER TYPICUS,Echinodermata,3
ECHINODERMATA,CRINOIDEA,CRINOIDEA,CRINOIDEA,Echinodermata,3
ECHINODERMATA,ECHINOIDEA,ECHIN1,CLYPEASTEROIDA,Echinodermata,212
ECHINODERMATA,ECHINOIDEA,ECHIN1,ECHINOIDEA,Echinodermata,109
ECHINODERMATA,ECHINOIDEA,ECHINOIDEA,ACESTE SP,Echinodermata,1
ECHINODERMATA,ECHINOIDEA,ECHINOIDEA,ECHINACEA,Echinodermata,31
ECHINODERMATA,ECHINOIDEA,ECHINOIDEA,ECHINARACHNIIDAE,Echinodermata,2
ECHINODERMATA,ECHINOIDEA,ECHINOIDEA,ECHINARACHNIUS PARMA,Echinodermata,1132
ECHINODERMATA,ECHINOIDEA,ECHINOIDEA,SCHIZASTERIDAE,Echinodermata,3
ECHINODERMATA,ECHINOIDEA,ECHINOIDEA,STRONGYLOCENTROTUS DROEBACHIENSIS,Echinodermata,34
FISH,ENGRAULIDAE,ANCHOA HEPSETUS,ANCHOA HEPSETUS,Engraulidae,6
FISH,ENGRAULIDAE,ANCHOA MITCHILLI,ANCHOA MITCHILLI,Engraulidae,13
FISH,ENGRAULIDAE,ENGRAULIS EURYSTOLE,ENGRAULIS EURYSTOLE,Engraulidae,2
ARTHROPODA,EUPHAUSIACEA,EUPHAUSIACEA,EUPHAUSIA KROHNI,Euphausiidae,6
ARTHROPODA,EUPHAUSIACEA,EUPHAUSIACEA,MEGANYCTIPHANES NORVEGICA,Euphausiidae,1336
ARTHROPODA,EUPHAUSIACEA,EUPHAUSIACEA,NYCTIPHANES COUCHI,Euphausiidae,2
ARTHROPODA,EUPHAUSIACEA,EUPHAUSIACEA,THYSANOESSA INERMIS,Euphausiidae,6
ARTHROPODA,EUPHAUSIACEA,EUPHAUSIACEA,THYSANOESSA LONGICAUDATA,Euphausiidae,4
ARTHROPODA,EUPHAUSIACEA,EUPHAUSIACEA,THYSANOESSA RASCHII,Euphausiidae,32
FISH,FISH EGGS,FISH EGGS,FISH EGGS,Fish eggs,174
FISH,FISH LARVAE,FISH LARVAE,FISH LARVAE,Fish larvae,416
FISH,GADIDAE,BROSME BROSME,BROSME BROSME,Gadiformes,13
FISH,GADIDAE,ENCHELYOPUS CIMBRIUS,ENCHELYOPUS CIMBRIUS,Gadiformes,236
FISH,GADIDAE,GADUS MORHUA,GADUS MORHUA,Gadiformes,64
FISH,GADIDAE,MELANOGRAMMUS AEGLEFINUS,MELANOGRAMMUS AEGLEFINUS,Gadiformes,250
FISH,GADIDAE,MERLUCCIUS ALBIDUS,MERLUCCIUS ALBIDUS,Gadiformes,10
FISH,GADIDAE,POLLACHIUS VIRENS,POLLACHIUS VIRENS,Gadiformes,13
FISH,GADIDAE,UROPHYCIS CHESTERI,UROPHYCIS CHESTERI,Gadiformes,7
FISH,MACROURIDAE,CAELORINCHUS CAELORHINCUS,CAELORINCHUS CAELORHINCUS,Gadiformes,1
FISH,MACROURIDAE,MACROURIDAE,MACROURIDAE,Gadiformes,9
ARTHROPODA,AMPHIPODA,GAMMARIDEA,ACANTHOHAUSTORIUS MILLSI,Gammaridae,6
ARTHROPODA,AMPHIPODA,GAMMARIDEA,ACANTHOHAUSTORIUS SPINOSUS,Gammaridae,4
ARTHROPODA,AMPHIPODA,GAMMARIDEA,AMPELISCA ABDITA,Gammaridae,15
ARTHROPODA,AMPHIPODA,GAMMARIDEA,AMPELISCA AGASSIZI,Gammaridae,234
ARTHROPODA,AMPHIPODA,GAMMARIDEA,AMPELISCA ESCHRICHTI,Gammaridae,1
ARTHROPODA,AMPHIPODA,GAMMARIDEA,AMPELISCA MACROCEPHALA,Gammaridae,20
ARTHROPODA,AMPHIPODA,GAMMARIDEA,AMPELISCA SPINIPES,Gammaridae,1
ARTHROPODA,AMPHIPODA,GAMMARIDEA,AMPELISCA VADORUM,Gammaridae,120
ARTHROPODA,AMPHIPODA,GAMMARIDEA,AMPELISCA VERRILLI,Gammaridae,2
ARTHROPODA,AMPHIPODA,GAMMARIDEA,AMPELISCIDAE,Gammaridae,658
ARTHROPODA,AMPHIPODA,GAMMARIDEA,AMPHILOCHIDAE,Gammaridae,1
ARTHROPODA,AMPHIPODA,GAMMARIDEA,AMPHIPOREIA GIGANTEA,Gammaridae,9
ARTHROPODA,AMPHIPODA,GAMMARIDEA,AMPHIPOREIA LAWRENCIANA,Gammaridae,1
ARTHROPODA,AMPHIPODA,GAMMARIDEA,AMPITHOE RUBRICATA,Gammaridae,1
ARTHROPODA,AMPHIPODA,GAMMARIDEA,ANONYX LILLJEBORGI,Gammaridae,6
ARTHROPODA,AMPHIPODA,GAMMARIDEA,ANONYX SARSI,Gammaridae,78
ARTHROPODA,AMPHIPODA,GAMMARIDEA,AORIDAE,Gammaridae,116
ARTHROPODA,AMPHIPODA,GAMMARIDEA,ARGISSA HAMATIPES,Gammaridae,6
ARTHROPODA,AMPHIPODA,GAMMARIDEA,ARRHIS PHYLLONYX,Gammaridae,1
ARTHROPODA,AMPHIPODA,GAMMARIDEA,BATHYPOREIA PARKERI,Gammaridae,1
ARTHROPODA,AMPHIPODA,GAMMARIDEA,BATHYPOREIA QUODDYENSIS,Gammaridae,1
ARTHROPODA,AMPHIPODA,GAMMARIDEA,BYBLIS SERRATA,Gammaridae,593
ARTHROPODA,AMPHIPODA,GAMMARIDEA,CALLIOPIIDAE,Gammaridae,1
ARTHROPODA,AMPHIPODA,GAMMARIDEA,CALLIOPIUS LAEVIUSCULUS,Gammaridae,130
ARTHROPODA,AMPHIPODA,GAMMARIDEA,CASCO BIGELOWI,Gammaridae,77
ARTHROPODA,AMPHIPODA,GAMMARIDEA,COROPHIIDAE,Gammaridae,783
ARTHROPODA,AMPHIPODA,GAMMARIDEA,COROPHIUM ACUTUM,Gammaridae,5
ARTHROPODA,AMPHIPODA,GAMMARIDEA,COROPHIUM CRASSICORNE,Gammaridae,1
ARTHROPODA,AMPHIPODA,GAMMARIDEA,CYMADUSA COMPTA,Gammaridae,1
ARTHROPODA,AMPHIPODA,GAMMARIDEA,DEXAMINE THEA,Gammaridae,1
ARTHROPODA,AMPHIPODA,GAMMARIDEA,DULICHIA MONACANTHA,Gammaridae,13
ARTHROPODA,AMPHIPODA,GAMMARIDEA,DULICHIA PORRECTA,Gammaridae,21
ARTHROPODA,AMPHIPODA,GAMMARIDEA,ELASMOPUS LAEVIS,Gammaridae,1
ARTHROPODA,AMPHIPODA,GAMMARIDEA,EOBROLGUS SPINOSUS,Gammaridae,3
ARTHROPODA,AMPHIPODA,GAMMARIDEA,EPIMERIA LORICATA,Gammaridae,1
ARTHROPODA,AMPHIPODA,GAMMARIDEA,ERICTHONIUS BRASILIENSIS,Gammaridae,6
ARTHROPODA,AMPHIPODA,GAMMARIDEA,ERICTHONIUS RUBRICORNIS,Gammaridae,332
ARTHROPODA,AMPHIPODA,GAMMARIDEA,EUSIRIDAE,Gammaridae,3
ARTHROPODA,AMPHIPODA,GAMMARIDEA,EUSIRUS SP,Gammaridae,2
ARTHROPODA,AMPHIPODA,GAMMARIDEA,GAMMARELLUS SP,Gammaridae,8
ARTHROPODA,AMPHIPODA,GAMMARIDEA,GAMMARIDEA,Gammaridae,23753
ARTHROPODA,AMPHIPODA,GAMMARIDEA,GAMMAROPSIS SP,Gammaridae,1
ARTHROPODA,AMPHIPODA,GAMMARIDEA,GAMMARUS ANNULATUS,Gammaridae,82
ARTHROPODA,AMPHIPODA,GAMMARIDEA,GAMMARUS LAWRENCIANUS,Gammaridae,4
ARTHROPODA,AMPHIPODA,GAMMARIDEA,GAMMARUS MUCRONATUS,Gammaridae,1
ARTHROPODA,AMPHIPODA,GAMMARIDEA,HAPLOOPS TUBICOLA,Gammaridae,4
ARTHROPODA,AMPHIPODA,GAMMARIDEA,HARPINIA PROPINQUA,Gammaridae,7
ARTHROPODA,AMPHIPODA,GAMMARIDEA,HAUSTORIIDAE,Gammaridae,120
ARTHROPODA,AMPHIPODA,GAMMARIDEA,HIPPOMEDON PROPINQUUS,Gammaridae,4
ARTHROPODA,AMPHIPODA,GAMMARIDEA,HIPPOMEDON SERRATUS,Gammaridae,104
ARTHROPODA,AMPHIPODA,GAMMARIDEA,ISCHYROCERIDAE,Gammaridae,5
ARTHROPODA,AMPHIPODA,GAMMARIDEA,ISCHYROCERUS ANGUIPES,Gammaridae,26
ARTHROPODA,AMPHIPODA,GAMMARIDEA,JASSA FALCATA,Gammaridae,3
ARTHROPODA,AMPHIPODA,GAMMARIDEA,LEMBOS SP,Gammaridae,4
ARTHROPODA,AMPHIPODA,GAMMARIDEA,LEPTOCHEIRUS PINGUIS,Gammaridae,1265
ARTHROPODA,AMPHIPODA,GAMMARIDEA,LEUCOTHOE SPINICARPA,Gammaridae,3
ARTHROPODA,AMPHIPODA,GAMMARIDEA,LYSIANASSIDAE,Gammaridae,222
ARTHROPODA,AMPHIPODA,GAMMARIDEA,LYSIANOPSIS ALBA,Gammaridae,1
ARTHROPODA,AMPHIPODA,GAMMARIDEA,MAERA DANAE,Gammaridae,3
ARTHROPODA,AMPHIPODA,GAMMARIDEA,MAERA LOVENI,Gammaridae,2
ARTHROPODA,AMPHIPODA,GAMMARIDEA,MELITA DENTATA,Gammaridae,52
ARTHROPODA,AMPHIPODA,GAMMARIDEA,MELITA NITIDA,Gammaridae,1
ARTHROPODA,AMPHIPODA,GAMMARIDEA,METOPELLA SP,Gammaridae,3
ARTHROPODA,AMPHIPODA,GAMMARIDEA,MICRODEUTOPUS GRYLLOTALPA,Gammaridae,1
ARTHROPODA,AMPHIPODA,GAMMARIDEA,MICROPROTOPUS SP,Gammaridae,1
ARTHROPODA,AMPHIPODA,GAMMARIDEA,MONOCULODES EDWARDSI,Gammaridae,223
ARTHROPODA,AMPHIPODA,GAMMARIDEA,MONOCULODES INTERMEDIUS,Gammaridae,8
ARTHROPODA,AMPHIPODA,GAMMARIDEA,OEDICEROTIDAE,Gammaridae,312
ARTHROPODA,AMPHIPODA,GAMMARIDEA,ORCHOMENELLA GROENLANDICA,Gammaridae,2
ARTHROPODA,AMPHIPODA,GAMMARIDEA,ORCHOMENELLA MINUTA,Gammaridae,5
ARTHROPODA,AMPHIPODA,GAMMARIDEA,ORCHOMENELLA PINGUIS,Gammaridae,7
ARTHROPODA,AMPHIPODA,GAMMARIDEA,PARAHAUSTORIUS ATTENUATUS,Gammaridae,7
ARTHROPODA,AMPHIPODA,GAMMARIDEA,PARAHAUSTORIUS HOLMESI,Gammaridae,7
ARTHROPODA,AMPHIPODA,GAMMARIDEA,PARAHAUSTORIUS LONGIMERUS,Gammaridae,5
ARTHROPODA,AMPHIPODA,GAMMARIDEA,PARAMPHITHOE SP,Gammaridae,2
ARTHROPODA,AMPHIPODA,GAMMARIDEA,PAROEDICEROS LYNCEUS,Gammaridae,1
ARTHROPODA,AMPHIPODA,GAMMARIDEA,PHOTIDAE,Gammaridae,5
ARTHROPODA,AMPHIPODA,GAMMARIDEA,PHOTIS DENTATA,Gammaridae,10
ARTHROPODA,AMPHIPODA,GAMMARIDEA,PHOTIS MACROCOXA,Gammaridae,11
ARTHROPODA,AMPHIPODA,GAMMARIDEA,PHOTIS REINHARDI,Gammaridae,4
ARTHROPODA,AMPHIPODA,GAMMARIDEA,PHOXOCEPHALIDAE,Gammaridae,63
ARTHROPODA,AMPHIPODA,GAMMARIDEA,PHOXOCEPHALUS HOLBOLLI,Gammaridae,62
ARTHROPODA,AMPHIPODA,GAMMARIDEA,PHROSINA SP,Gammaridae,1
ARTHROPODA,AMPHIPODA,GAMMARIDEA,PLEUSTES PANOPLUS,Gammaridae,4
ARTHROPODA,AMPHIPODA,GAMMARIDEA,PLEUSTIDAE,Gammaridae,5
ARTHROPODA,AMPHIPODA,GAMMARIDEA,PLEUSYMTES GLABER,Gammaridae,3
ARTHROPODA,AMPHIPODA,GAMMARIDEA,PODOCERIDAE,Gammaridae,4
ARTHROPODA,AMPHIPODA,GAMMARIDEA,PODOCEROPSIS NITIDA,Gammaridae,1
ARTHROPODA,AMPHIPODA,GAMMARIDEA,PONTOGENEIA INERMIS,Gammaridae,205
ARTHROPODA,AMPHIPODA,GAMMARIDEA,PROTOHAUSTORIUS DEICHMANNAE,Gammaridae,2
ARTHROPODA,AMPHIPODA,GAMMARIDEA,PROTOHAUSTORIUS WIGLEYI,Gammaridae,9
ARTHROPODA,AMPHIPODA,GAMMARIDEA,PSAMMONYX NOBILIS,Gammaridae,69
ARTHROPODA,AMPHIPODA,GAMMARIDEA,PSEUDOHAUSTORIUS BOREALIS,Gammaridae,3
ARTHROPODA,AMPHIPODA,GAMMARIDEA,PSEUDOHAUSTORIUS CAROLINIENSIS,Gammaridae,1
ARTHROPODA,AMPHIPODA,GAMMARIDEA,PSEUDUNCIOLA OBLIQUUA,Gammaridae,5
ARTHROPODA,AMPHIPODA,GAMMARIDEA,RHACHOTROPIS ACULEATA,Gammaridae,4
ARTHROPODA,AMPHIPODA,GAMMARIDEA,RHACHOTROPIS OCULATA,Gammaridae,4
ARTHROPODA,AMPHIPODA,GAMMARIDEA,RHEPOXYNIUS EPISTOMUS,Gammaridae,60
ARTHROPODA,AMPHIPODA,GAMMARIDEA,STEGOCEPHALUS INFLATUS,Gammaridae,9
ARTHROPODA,AMPHIPODA,GAMMARIDEA,STENOPLEUSTES GRACILIS,Gammaridae,11
ARTHROPODA,AMPHIPODA,GAMMARIDEA,STENOPLEUSTES INERMIS,Gammaridae,1
ARTHROPODA,AMPHIPODA,GAMMARIDEA,STENOTHOE SP,Gammaridae,2
ARTHROPODA,AMPHIPODA,GAMMARIDEA,STENOTHOIDAE,Gammaridae,14
ARTHROPODA,AMPHIPODA,GAMMARIDEA,SYNCHELIDIUM AMERICANUM,Gammaridae,5
ARTHROPODA,AMPHIPODA,GAMMARIDEA,SYRRHOE CRENULATA,Gammaridae,6
ARTHROPODA,AMPHIPODA,GAMMARIDEA,TIRON SPINIFERUM,Gammaridae,6
ARTHROPODA,AMPHIPODA,GAMMARIDEA,TIRONIDAE,Gammaridae,7
ARTHROPODA,AMPHIPODA,GAMMARIDEA,UNCIOLA DISSIMILIS,Gammaridae,1
ARTHROPODA,AMPHIPODA,GAMMARIDEA,UNCIOLA INERMIS,Gammaridae,63
ARTHROPODA,AMPHIPODA,GAMMARIDEA,UNCIOLA IRRORATA,Gammaridae,1673
ARTHROPODA,AMPHIPODA,GAMMARIDEA,WESTWOODILLA SP,Gammaridae,1
MOLLUSCA,GASTROPODA,GASTROPODA,ACMAEIDAE,Gastropoda,22
MOLLUSCA,GASTROPODA,GASTROPODA,ADALARIA SP,Gastropoda,1
MOLLUSCA,GASTROPODA,GASTROPODA,ANACHIS SP,Gastropoda,1
MOLLUSCA,GASTROPODA,GASTROPODA,ANATOMA CRISPATA,Gastropoda,1
MOLLUSCA,GASTROPODA,GASTROPODA,BUCCINIDAE,Gastropoda,10
MOLLUSCA,GASTROPODA,GASTROPODA,BUCCINUM UNDATUM,Gastropoda,3
MOLLUSCA,GASTROPODA,GASTROPODA,BUSYCON SP,Gastropoda,1
MOLLUSCA,GASTROPODA,GASTROPODA,CERITHIIDAE,Gastropoda,1
MOLLUSCA,GASTROPODA,GASTROPODA,COLUS SP,Gastropoda,2
MOLLUSCA,GASTROPODA,GASTROPODA,CREPIDULA PLANA,Gastropoda,2
MOLLUSCA,GASTROPODA,GASTROPODA,CYCLOSTREMATIDAE,Gastropoda,1
MOLLUSCA,GASTROPODA,GASTROPODA,DOTONIDAE,Gastropoda,1
MOLLUSCA,GASTROPODA,GASTROPODA,EPITONIUM SP,Gastropoda,1
MOLLUSCA,GASTROPODA,GASTROPODA,EUBRANCHUS EXIGUUS,Gastropoda,1
MOLLUSCA,GASTROPODA,GASTROPODA,EUBRANCHUS PALLIDUS,Gastropoda,1
MOLLUSCA,GASTROPODA,GASTROPODA,EUSPIRA HEROS,Gastropoda,11
MOLLUSCA,GASTROPODA,GASTROPODA,EUSPIRA IMMACULATA,Gastropoda,1
MOLLUSCA,GASTROPODA,GASTROPODA,FISSURELLIDAE,Gastropoda,2
MOLLUSCA,GASTROPODA,GASTROPODA,HAMINOEA SP,Gastropoda,1
MOLLUSCA,GASTROPODA,GASTROPODA,ILYANASSA SP,Gastropoda,1
MOLLUSCA,GASTROPODA,GASTROPODA,MARGARITES SP,Gastropoda,2
MOLLUSCA,GASTROPODA,GASTROPODA,NASSARIUS SP,Gastropoda,1
MOLLUSCA,GASTROPODA,GASTROPODA,NATICA CLAUSA,Gastropoda,1
MOLLUSCA,GASTROPODA,GASTROPODA,NATICIDAE,Gastropoda,67
MOLLUSCA,GASTROPODA,GASTROPODA,NEOGASTROPODA,Gastropoda,14
MOLLUSCA,GASTROPODA,GASTROPODA,NOTOACMEA TESTUDINALIS,Gastropoda,1
MOLLUSCA,GASTROPODA,GASTROPODA,NUCELLA SP,Gastropoda,5
MOLLUSCA,GASTROPODA,GASTROPODA,NUDIBRANCHIA,Gastropoda,91
MOLLUSCA,GASTROPODA,GASTROPODA,OPISTHOBRANCHIA,Gastropoda,6
MOLLUSCA,GASTROPODA,GASTROPODA,PLEUROBRANCHAEA SP,Gastropoda,5
MOLLUSCA,GASTROPODA,GASTROPODA,PROPILIDIUM SP,Gastropoda,1
MOLLUSCA,GASTROPODA,GASTROPODA,PUNCTURELLA NOACHINA,Gastropoda,1
MOLLUSCA,GASTROPODA,GASTROPODA,SCAPHANDER PUNCTOSTRIATUS,Gastropoda,2
MOLLUSCA,GASTROPODA,GASTROPODA,TROCHIDAE,Gastropoda,2
MOLLUSCA,GASTROPODA,PTEROPODA,CLIONE LIMACINA,Gastropoda,61
MOLLUSCA,GASTROPODA,PTEROPODA,LIMACINA SP,Gastropoda,59
MOLLUSCA,GASTROPODA,PTEROPODA,THECOSOMATA,Gastropoda,63
ECHINODERMATA,HOLOTHUROIDEA,HOLOTHUROIDEA,DENDROCHIROTIDA,Holothuroidea,4
ECHINODERMATA,HOLOTHUROIDEA,HOLOTHUROIDEA,PENTAMERA SP,Holothuroidea,2
ECHINODERMATA,HOLOTHUROIDEA,HOLOTHUROIDEA,STEREODERMA UNISEMITA,Holothuroidea,1
ECHINODERMATA,HOLOTHUROIDEA,HOLOTHUROIDEA,THYONE SP,Holothuroidea,2
CNIDARIA,CNIDARIA,HYDROZOA,CORYMORPHA SP,Hydrozoa,1
CNIDARIA,CNIDARIA,HYDROZOA,HYDROZOA,Hydrozoa,496
CNIDARIA,CNIDARIA,HYDROZOA,LEPTOMEDUSAE,Hydrozoa,91
CNIDARIA,CNIDARIA,HYDROZOA,OBELIA SP,Hydrozoa,6
CNIDARIA,CNIDARIA,HYDROZOA,SERTULARIIDAE,Hydrozoa,3
CNIDARIA,CNIDARIA,HYDROZOA,SIPHONOPHORA,Hydrozoa,65
CNIDARIA,CNIDARIA,HYDROZOA,THUIARIA THUJA,Hydrozoa,3
CNIDARIA,CNIDARIA,HYDROZOA,TUBULARIA SP,Hydrozoa,1
ARTHROPODA,AMPHIPODA,HYPERIIDAE,HYPERIA GALBA,Hyperiidae,26
ARTHROPODA,AMPHIPODA,HYPERIIDAE,HYPERIA MEDUSARUM,Hyperiidae,1
ARTHROPODA,AMPHIPODA,HYPERIIDAE,HYPERIIDAE,Hyperiidae,3231
ARTHROPODA,AMPHIPODA,HYPERIIDAE,HYPEROCHE MEDUSARUM,Hyperiidae,3
ARTHROPODA,AMPHIPODA,HYPERIIDAE,PARATHEMISTO GRACILIPES,Hyperiidae,26
ARTHROPODA,AMPHIPODA,HYPERIIDAE,PHRONIMA SEDENTARIA,Hyperiidae,1
ARTHROPODA,AMPHIPODA,HYPERIIDAE,THEMISTO GAUDICHAUDII,Hyperiidae,161
MOLLUSCA,CEPHALOPODA,ILLEX ILLECEBROSUS,ILLEX ILLECEBROSUS,Illex spp.,8
ARTHROPODA,ISOPODA,ISOPODA,AEGA PSORA,Isopoda,1
ARTHROPODA,ISOPODA,ISOPODA,AEGIDAE,Isopoda,1
ARTHROPODA,ISOPODA,ISOPODA,ANTHURIDAE,Isopoda,15
ARTHROPODA,ISOPODA,ISOPODA,BOPYRIDAE,Isopoda,1
ARTHROPODA,ISOPODA,ISOPODA,CHIRIDOTEA ALMYRA,Isopoda,4
ARTHROPODA,ISOPODA,ISOPODA,CHIRIDOTEA ARENICOLA,Isopoda,3
ARTHROPODA,ISOPODA,ISOPODA,CHIRIDOTEA NIGRESCENS,Isopoda,1
ARTHROPODA,ISOPODA,ISOPODA,CHIRIDOTEA TUFTSI,Isopoda,49
ARTHROPODA,ISOPODA,ISOPODA,CIROLANA BOREALIS,Isopoda,1
ARTHROPODA,ISOPODA,ISOPODA,CIROLANIDAE,Isopoda,572
ARTHROPODA,ISOPODA,ISOPODA,CYATHURA SP,Isopoda,2
ARTHROPODA,ISOPODA,ISOPODA,EDOTEA TRILOBA,Isopoda,18
ARTHROPODA,ISOPODA,ISOPODA,HEMIARTHRUS SP,Isopoda,1
ARTHROPODA,ISOPODA,ISOPODA,IDOTEA PHOSPHOREA,Isopoda,1
ARTHROPODA,ISOPODA,ISOPODA,IDOTEIDAE,Isopoda,33
ARTHROPODA,ISOPODA,ISOPODA,ISOPODA,Isopoda,5329
ARTHROPODA,ISOPODA,ISOPODA,JAERA MARINA,Isopoda,1
ARTHROPODA,ISOPODA,ISOPODA,JANIRA ALTA,Isopoda,3
ARTHROPODA,ISOPODA,ISOPODA,JANIRIDAE,Isopoda,3
ARTHROPODA,ISOPODA,ISOPODA,MUNNA SP,Isopoda,2
ARTHROPODA,ISOPODA,ISOPODA,MUNNOPSIDAE,Isopoda,1
ARTHROPODA,ISOPODA,ISOPODA,MUNNOPSIS TYPICA,Isopoda,3
ARTHROPODA,ISOPODA,ISOPODA,POLITOLANA CONCHARUM,Isopoda,2
ARTHROPODA,ISOPODA,ISOPODA,POLITOLANA POLITA,Isopoda,335
ARTHROPODA,ISOPODA,ISOPODA,PTILANTHURA TENUIS,Isopoda,3
ARTHROPODA,ISOPODA,ISOPODA,SYNIDOTEA SP,Isopoda,2
FISH,OPHIDIIDAE,LEPOPHIDIUM PROFUNDORUM,LEPOPHIDIUM PROFUNDORUM,Lepophidium profundorum,450
MOLLUSCA,CEPHALOPODA,LOLIGO PEALEII,LOLIGO PEALEII,Loligo spp.,58
FISH,ZOARCIDAE,MACROZOARCES AMERICANUS,MACROZOARCES AMERICANUS,Macrozoarces americanus,418
FISH,GADIDAE,MERLUCCIUS BILINEARIS,MERLUCCIUS BILINEARIS,Merluccius bilinearis,4497
MOLLUSCA,POLYPLACOPHORA,POLYPLACOPHORA,CHITON TUBERCULATUS,Mollusca,2
MOLLUSCA,POLYPLACOPHORA,POLYPLACOPHORA,POLYPLACOPHORA,Mollusca,23
MOLLUSCA,POLYPLACOPHORA,POLYPLACOPHORA,TONICELLA RUBRA,Mollusca,1
MOLLUSCA,SCAPHOPODA,SCAPHOPODA,DENTALIUM SP,Mollusca,1
MOLLUSCA,SCAPHOPODA,SCAPHOPODA,SCAPHOPODA,Mollusca,20
ARTHROPODA,MYSIDACEA,MYSIDACEA,AMBLYOPS ABBREVIATA,Mysidacea,3
ARTHROPODA,MYSIDACEA,MYSIDACEA,ERYTHROPS ERYTHROPHTHALMA,Mysidacea,72
ARTHROPODA,MYSIDACEA,MYSIDACEA,HETEROMYSIS FORMOSA,Mysidacea,4
ARTHROPODA,MYSIDACEA,MYSIDACEA,MYSIDACEA,Mysidacea,3265
ARTHROPODA,MYSIDACEA,MYSIDACEA,MYSIDAE,Mysidacea,659
ARTHROPODA,MYSIDACEA,MYSIDACEA,MYSIDOPSIS BIGELOWI,Mysidacea,47
ARTHROPODA,MYSIDACEA,MYSIDACEA,MYSIS MIXTA,Mysidacea,25
ARTHROPODA,MYSIDACEA,MYSIDACEA,NEOMYSIS AMERICANA,Mysidacea,443
ARTHROPODA,MYSIDACEA,MYSIDACEA,PSEUDOMMA AFFINE,Mysidacea,6
ECHINODERMATA,OPHIUROIDEA,OPHIUROIDEA,AMPHILIMNA OLIVACEA,Ophiuroidea,1
ECHINODERMATA,OPHIUROIDEA,OPHIUROIDEA,AMPHIODIA SP,Ophiuroidea,2
ECHINODERMATA,OPHIUROIDEA,OPHIUROIDEA,AMPHIOPLUS ABDITA,Ophiuroidea,1
ECHINODERMATA,OPHIUROIDEA,OPHIUROIDEA,AMPHIPHOLIS SP,Ophiuroidea,6
ECHINODERMATA,OPHIUROIDEA,OPHIUROIDEA,AMPHIURA SP,Ophiuroidea,4
ECHINODERMATA,OPHIUROIDEA,OPHIUROIDEA,AMPHIURIDAE,Ophiuroidea,2
ECHINODERMATA,OPHIUROIDEA,OPHIUROIDEA,AXIOGNATHUS SQUAMATUS,Ophiuroidea,4
ECHINODERMATA,OPHIUROIDEA,OPHIUROIDEA,EURYALE SP,Ophiuroidea,1
ECHINODERMATA,OPHIUROIDEA,OPHIUROIDEA,EURYALINA,Ophiuroidea,4
ECHINODERMATA,OPHIUROIDEA,OPHIUROIDEA,GORGONOCEPHALUS SP,Ophiuroidea,1
ECHINODERMATA,OPHIUROIDEA,OPHIUROIDEA,OPHIACANTHA BIDENTATA,Ophiuroidea,1
ECHINODERMATA,OPHIUROIDEA,OPHIUROIDEA,OPHIOLEPIS SP,Ophiuroidea,1
ECHINODERMATA,OPHIUROIDEA,OPHIUROIDEA,OPHIOPHOLIS ACULEATA,Ophiuroidea,160
ECHINODERMATA,OPHIUROIDEA,OPHIUROIDEA,OPHIURA ROBUSTA,Ophiuroidea,3
ECHINODERMATA,OPHIUROIDEA,OPHIUROIDEA,OPHIURA SARSI,Ophiuroidea,251
ECHINODERMATA,OPHIUROIDEA,OPHIUROIDEA,OPHIURIDA,Ophiuroidea,927
ECHINODERMATA,OPHIUROIDEA,OPHIUROIDEA,OPHIUROIDEA,Ophiuroidea,5433
FISH,GADIDAE,UROPHYCIS CHUSS,UROPHYCIS CHUSS,Other hakes,570
FISH,GADIDAE,UROPHYCIS REGIA,UROPHYCIS REGIA,Other hakes,246
FISH,GADIDAE,UROPHYCIS TENUIS,UROPHYCIS TENUIS,Other hakes,40
CHORDATA,CEPHALOCHORDATA,CEPHALOCHORDATA,BRANCHIOSTOMA SP,Other,12
FISH,ANARHICHADIDAE,ANARHICHAS LUPUS,ANARHICHAS LUPUS,Other fish,37
FISH,ANGUILLIFORMES,ANGUILLA ROSTRATA,ANGUILLA ROSTRATA,Other fish,3
FISH,ANGUILLIFORMES,CONGER OCEANICUS,CONGER OCEANICUS,Other fish,16
FISH,ANGUILLIFORMES,NEMICHTHYS SCOLOPACEUS,NEMICHTHYS SCOLOPACEUS,Other fish,10
FISH,ANGUILLIFORMES,OPHICHTHUS CRUENTIFER,OPHICHTHUS CRUENTIFER,Other fish,2
FISH,ANGUILLIFORMES,SYNAPHOBRANCHUS KAUPI,SYNAPHOBRANCHUS KAUPI,Other fish,1
FISH,ARGENTINIDAE,ARGENTINA SILUS,ARGENTINA SILUS,Other fish,8
FISH,ARGENTINIDAE,ARGENTINA STRIATA,ARGENTINA STRIATA,Other fish,3
FISH,ATHERINIDAE,ATHERINIDAE,ATHERINIDAE,Other fish,7
FISH,ATHERINIDAE,MENIDIA MENIDIA,MENIDIA MENIDIA,Other fish,1
FISH,BALISTIDAE,BALISTIDAE,BALISTIDAE,Other fish,6
FISH,BATRACHOIDIDAE,BATRACHOIDIDAE,BATRACHOIDIDAE,Other fish,2
FISH,BELONIDAE,BELONIDAE,BELONIDAE,Other fish,1
FISH,CARANGIDAE,DECAPTERUS PUNCTATUS,DECAPTERUS PUNCTATUS,Other fish,1
FISH,CARANGIDAE,SELENE SETAPINNIS,SELENE SETAPINNIS,Other fish,2
FISH,CARANGIDAE,TRACHURUS LATHAMI,TRACHURUS LATHAMI,Other fish,1
FISH,CHLOROPHTHALMIDAE,CHLOROPHTHALMUS AGASSIZI,CHLOROPHTHALMUS AGASSIZI,Other fish,24
FISH,CHLOROPHTHALMIDAE,PARASUDIS TRUCULENTA,PARASUDIS TRUCULENTA,Other fish,1
FISH,CHONDRICHTHYES,CHONDRICHTHYES,CHONDRICHTHYES,Other fish,22
FISH,CYCLOPTERIDAE,CYCLOPTERIDAE,CYCLOPTERIDAE,Other fish,115
FISH,DACTYLOPTERIDAE,DACTYLOPTERUS VOLITANS,DACTYLOPTERUS VOLITANS,Other fish,1
FISH,EPIGONIDAE,EPIGONUS PANDIONIS,EPIGONUS PANDIONIS,Other fish,1
FISH,GASTEROSTEIDAE,GASTEROSTEUS ACULEATUS,GASTEROSTEUS ACULEATUS,Other fish,3
FISH,GOBIIDAE,GOBIIDAE,GOBIIDAE,Other fish,17
FISH,GOBIIDAE,GOBIOSOMA BOSC,GOBIOSOMA BOSC,Other fish,1
FISH,GONOSTOMATIDAE,GONOSTOMATIDAE,GONOSTOMATIDAE,Other fish,2
FISH,LABRIDAE,LABRIDAE,LABRIDAE,Other fish,1
FISH,LABRIDAE,TAUTOGOLABRUS ADSPERSUS,TAUTOGOLABRUS ADSPERSUS,Other fish,7
FISH,LOPHIIDAE,LOPHIIDAE,LOPHIIDAE,Other fish,5
FISH,LOPHIIDAE,LOPHIUS AMERICANUS,LOPHIUS AMERICANUS,Other fish,77
FISH,LUTJANIDAE,LUTJANIDAE,LUTJANIDAE,Other fish,1
FISH,MALLOTUS VILLOSUS,MALLOTUS VILLOSUS,MALLOTUS VILLOSUS,Other fish,1
FISH,MOBULIDAE,MANTA BIROSTRIS,MANTA BIROSTRIS,Other fish,1
FISH,MUGILIDAE,MUGILIDAE,MUGILIDAE,Other fish,1
FISH,MYCTOPHIDAE,MYCTOPHIDAE,MYCTOPHIDAE,Other fish,157
FISH,MYXINIDAE,MYXINE GLUTINOSA,MYXINE GLUTINOSA,Other fish,38
FISH,OGCOCEPHALIDAE,OGCOCEPHALIDAE,OGCOCEPHALIDAE,Other fish,1
FISH,OPHIDIIDAE,OPHIDIIDAE,OPHIDIIDAE,Other fish,183
FISH,OPHIDIIDAE,OPHIDION GRAYI,OPHIDION GRAYI,Other fish,11
FISH,OPHIDIIDAE,OPHIDION MARGINATUM,OPHIDION MARGINATUM,Other fish,10
FISH,OPHIDIIDAE,OTOPHIDIUM OMOSTIGMUM,OTOPHIDIUM OMOSTIGMUM,Other fish,3
FISH,OTHER FISH,ASPIDOPHOROIDES MONOPTERYGIUS,ASPIDOPHOROIDES MONOPTERYGIUS,Other fish,50
FISH,OTHER FISH,BLENNIDAE,BLENNIIDAE,Other fish,10
FISH,OTHER FISH,CALLIONYMIDAE,CALLIONYMIDAE,Other fish,1
FISH,OTHER FISH,CHAULIODUS SLOANI,CHAULIODUS SLOANI,Other fish,4
FISH,OTHER FISH,CRYPTACANTHODES MACULATUS,CRYPTACANTHODES MACULATUS,Other fish,120
FISH,OTHER FISH,CYCLOPTERUS LUMPUS,CYCLOPTERUS LUMPUS,Other fish,7
FISH,OTHER FISH,CYPRINODON VARIEGATUS,CYPRINODON VARIEGATUS,Other fish,1
FISH,OTHER FISH,LIPARIS ATLANTICUS,LIPARIS ATLANTICUS,Other fish,3
FISH,OTHER FISH,LIPARIS INQUILINUS,LIPARIS INQUILINUS,Other fish,3
FISH,OTHER FISH,LOPHOLATILUS CHAMAELEONTICEPS,LOPHOLATILUS CHAMAELEONTICEPS,Other fish,1
FISH,OTHER FISH,LUMPENUS LUMPRETAEFORMIS,LUMPENUS LUMPRETAEFORMIS,Other fish,40
FISH,OTHER FISH,LUMPENUS MACULATUS,LUMPENUS MACULATUS,Other fish,47
FISH,OTHER FISH,MAUROLICUS MUELLERI,MAUROLICUS WEITZMANI,Other fish,50
FISH,OTHER FISH,MICRODESMIDAE,MICRODESMIDAE,Other fish,1
FISH,OTHER FISH,OSTEICHTHYES,OSTEICHTHYES,Other fish,9672
FISH,OTHER FISH,PARALEPIDAE,PARALEPIDAE,Other fish,8
FISH,OTHER FISH,PERCIFORMES,PERCIFORMES,Other fish,1
FISH,OTHER FISH,PHOLIDAE,PHOLIDAE,Other fish,4
FISH,OTHER FISH,PHOLIS GUNNELLUS,PHOLIS GUNNELLUS,Other fish,138
FISH,OTHER FISH,POLYIPNUS ASTEROIDES,POLYIPNUS CLARUS,Other fish,1
FISH,OTHER FISH,POLYMIXIA LOWEI,POLYMIXIA LOWEI,Other fish,5
FISH,OTHER FISH,SCOMBERESOX SAURUS,SCOMBERESOX SAURUS,Other fish,23
FISH,OTHER FISH,STOMIAS BOA,STOMIAS BOA,Other fish,3
FISH,OTHER FISH,SYNODONTIDAE,SYNODONTIDAE,Other fish,3
FISH,OTHER FISH,TRACHINOCEPHALUS MYOPS,TRACHINOCEPHALUS MYOPS,Other fish,2
FISH,OTHER FISH,ULVARIA SUBBIFURCATA,ULVARIA SUBBIFURCATA,Other fish,10
FISH,OTHER FISH,ZENOPSIS CONCHIFERA,ZENOPSIS CONCHIFERA,Other fish,3
FISH,PETROMYZONTIDAE,PETROMYZONTIDAE,PETROMYZONTIDAE,Other fish,4
FISH,POMATOMIDAE,POMATOMUS SALTATRIX,POMATOMUS SALTATRIX,Other fish,5
FISH,SCIAENIDAE,CYNOSCION REGALIS,CYNOSCION REGALIS,Other fish,1
FISH,SCIAENIDAE,LEIOSTOMUS XANTHURUS,LEIOSTOMUS XANTHURUS,Other fish,4
FISH,SCIAENIDAE,MICROPOGONIAS UNDULATUS,MICROPOGONIAS UNDULATUS,Other fish,3
FISH,SCORPAENIDAE,HELICOLENUS DACTYLOPTERUS,HELICOLENUS DACTYLOPTERUS,Other fish,47
FISH,SCORPAENIDAE,SCORPAENIDAE,SCORPAENIDAE,Other fish,14
FISH,SCORPAENIDAE,SEBASTES FASCIATUS,SEBASTES FASCIATUS,Other fish,285
FISH,SCYLIORHINIDAE,SCYLIORHINUS RETIFER,SCYLIORHINUS RETIFER,Other fish,3
FISH,SERRANIDAE,CENTROPRISTIS STRIATA,CENTROPRISTIS STRIATA,Other fish,48
FISH,SERRANIDAE,SERRANIDAE,SERRANIDAE,Other fish,4
FISH,SHARK,SHARK,SELACHIMORPHA,Other fish,8
FISH,SHARK,SQUALUS ACANTHIAS,SQUALUS ACANTHIAS,Other fish,42
FISH,SPARIDAE,STENOTOMUS CHRYSOPS,STENOTOMUS CHRYSOPS,Other fish,187
FISH,SPHYRAENIDAE,SPHYRAENA BOREALIS,SPHYRAENA BOREALIS,Other fish,1
FISH,STERNOPTYCHIDAE,STERNOPTYCHIDAE,STERNOPTYCHIDAE,Other fish,1
FISH,STICHAEIDAE,STICHAEIDAE,STICHAEIDAE,Other fish,10
FISH,STROMATEIDAE,STROMATEIDAE,STROMATEIDAE,Other fish,2
FISH,SYNAGROPIDAE,SYNAGROPS BELLUS,SYNAGROPS BELLUS,Other fish,3
FISH,SYNGNATHIDAE,HIPPOCAMPUS ERECTUS,HIPPOCAMPUS ERECTUS,Other fish,2
FISH,SYNGNATHIDAE,SYNGNATHUS FUSCUS,SYNGNATHUS FUSCUS,Other fish,16
FISH,TETRAODONTIDAE,SPHOEROIDES MACULATUS,SPHOEROIDES MACULATUS,Other fish,1
FISH,TETRAODONTIDAE,TETRAODONTIDAE,TETRAODONTIDAE,Other fish,3
FISH,TRIGLIDAE,PERISTEDION MINIATUM,PERISTEDION MINIATUM,Other fish,8
FISH,TRIGLIDAE,PRIONOTUS CAROLINUS,PRIONOTUS CAROLINUS,Other fish,58
FISH,TRIGLIDAE,PRIONOTUS EVOLANS,PRIONOTUS EVOLANS,Other fish,1
FISH,TRIGLIDAE,TRIGLIDAE,TRIGLIDAE,Other fish,88
FISH,ZOARCIDAE,LYCENCHELYS VERRILLI,LYCENCHELYS VERRILLI,Other fish,60
FISH,ZOARCIDAE,MELANOSTIGMA ATLANTICUM,MELANOSTIGMA ATLANTICUM,Other fish,59
FISH,ZOARCIDAE,ZOARCIDAE,ZOARCIDAE,Other fish,49
ARTHROPODA,ARTHROPODA,ARTHROPODA,ARTHROPODA,Other invertebrates,72
ARTHROPODA,ARTHROPODA,HALACARIDAE,HALACARIDAE,Other invertebrates,1
ARTHROPODA,ARTHROPODA,LIMULUS POLYPHEMUS,LIMULUS POLYPHEMUS,Other invertebrates,10
ARTHROPODA,PYCNOGONIDA,PYCNOGONIDA,ACHELIA SPINOSA,Other invertebrates,1
ARTHROPODA,PYCNOGONIDA,PYCNOGONIDA,NYMPHON GROSSIPES,Other invertebrates,2
ARTHROPODA,PYCNOGONIDA,PYCNOGONIDA,PHOXICHILIDIIDAE,Other invertebrates,1
ARTHROPODA,PYCNOGONIDA,PYCNOGONIDA,PYCNOGONIDAE,Other invertebrates,1
ARTHROPODA,PYCNOGONIDA,PYCNOGONIDA,PYCNOGONUM LITTORALE,Other invertebrates,1
BRACHIOPODA,BRACHIOPODA,BRACHIOPODA,BRACHIOPODA,Other invertebrates,20
BRACHIOPODA,BRACHIOPODA,BRACHIOPODA,RHYNCHONELLIDAE,Other invertebrates,1
BRYOZOA,BRYOZOA,BRYOZOA,BUGULA TURRITA,Other invertebrates,1
BRYOZOA,BRYOZOA,BRYOZOA,DENDROBEANIA MURRAYANA,Other invertebrates,1
CHORDATA,HEMICHORDATA,HEMICHORDATA,HEMICHORDATA,Other invertebrates,4
PORIFERA,PORIFERA,PORIFERA,PORIFERA,Other invertebrates,48
UROCHORDATA,ASCIDIACEA,ASCIDIACEA,ASCIDIA CALLOSA,Other invertebrates,3
UROCHORDATA,ASCIDIACEA,ASCIDIACEA,BOSTRICHOBRANCHUS SP,Other invertebrates,3
UROCHORDATA,LARVACEANS,LARVACEANS,OIKOPLEURA SP,Other invertebrates,42
UROCHORDATA,LARVACEANS,LARVACEANS,SALPIDAE,Other invertebrates,178
UROCHORDATA,LARVACEANS,LARVACEANS,THALIACEA,Other invertebrates,264
UROCHORDATA,UROCHORDATA,UROCHORDATA,UROCHORDATA,Other invertebrates,99
ARTHROPODA,DECAPODA,PAGUROIDEA,CATAPAGURUS SP,Paguroidea,1
ARTHROPODA,DECAPODA,PAGUROIDEA,PAGURUS ACADIANUS,Paguroidea,283
ARTHROPODA,DECAPODA,PAGUROIDEA,PAGURUS ANNULIPES,Paguroidea,9
ARTHROPODA,DECAPODA,PAGUROIDEA,PAGURUS ARCUATUS,Paguroidea,5
ARTHROPODA,DECAPODA,PAGUROIDEA,PAGURUS LONGICARPUS,Paguroidea,30
ARTHROPODA,DECAPODA,PAGUROIDEA,PAGURUS POLLICARIS,Paguroidea,8
ARTHROPODA,DECAPODA,PAGUROIDEA,PAGURUS PUBESCENS,Paguroidea,24
ARTHROPODA,DECAPODA,PANDALIDAE,DICHELOPANDALUS LEPTOCERUS,Pandalidae,1344
ARTHROPODA,DECAPODA,PANDALIDAE,PANDALUS BOREALIS,Pandalidae,502
ARTHROPODA,DECAPODA,PANDALIDAE,PANDALUS MONTAGUI,Pandalidae,96
ARTHROPODA,DECAPODA,PANDALIDAE,PANDALUS PROPINQUUS,Pandalidae,15
FISH,STROMATEIDAE,PEPRILUS TRIACANTHUS,PEPRILUS TRIACANTHUS,Peprilus triacanthus,562
FISH,BOTHIDAE,CITHARICHTHYS ARCTIFRONS,CITHARICHTHYS ARCTIFRONS,Pleuronectiformes,297
FISH,BOTHIDAE,ETROPUS MICROSTOMUS,ETROPUS MICROSTOMUS,Pleuronectiformes,27
FISH,BOTHIDAE,MONOLENE SESSILICAUDA,MONOLENE SESSILICAUDA,Pleuronectiformes,1
FISH,BOTHIDAE,PARALICHTHYS DENTATUS,PARALICHTHYS DENTATUS,Pleuronectiformes,22
FISH,BOTHIDAE,PARALICHTHYS OBLONGUS,PARALICHTHYS OBLONGUS,Pleuronectiformes,58
FISH,BOTHIDAE,SCOPHTHALMUS AQUOSUS,SCOPHTHALMUS AQUOSUS,Pleuronectiformes,114
FISH,PLEURONECTIDAE,GLYPTOCEPHALUS CYNOGLOSSUS,GLYPTOCEPHALUS CYNOGLOSSUS,Pleuronectiformes,77
FISH,PLEURONECTIDAE,HIPPOGLOSSOIDES PLATESSOIDES,HIPPOGLOSSOIDES PLATESSOIDES,Pleuronectiformes,98
FISH,PLEURONECTIDAE,HIPPOGLOSSUS HIPPOGLOSSUS,HIPPOGLOSSUS HIPPOGLOSSUS,Pleuronectiformes,2
FISH,PLEURONECTIDAE,PLEURONECTES AMERICANUS,PSEUDOPLEURONECTES AMERICANUS,Pleuronectiformes,32
FISH,PLEURONECTIDAE,PLEURONECTES FERRUGINUS,LIMANDA FERRUGINEA,Pleuronectiformes,72
FISH,PLEURONECTIFORMES,PLEURONECTIFORMES,PLEURONECTIFORMES,Pleuronectiformes,446
FISH,SOLEIDAE,SOLEIDAE,SOLEIDAE,Pleuronectiformes,6
FISH,SOLEIDAE,SYMPHRUS PLAGIUSA,SYMPHURUS PLAGIUSA,Pleuronectiformes,2
ANNELIDA,ANNELIDA,APHRODITIDAE,APHRODITA HASTATA,Polychaeta,595
ANNELIDA,ANNELIDA,POLYCHAETA,AGLAOPHAMUS CIRCINATA,Polychaeta,5
ANNELIDA,ANNELIDA,POLYCHAETA,ALCIOPIDAE,Polychaeta,1
ANNELIDA,ANNELIDA,POLYCHAETA,AMPHARETE ACUTIFRONS,Polychaeta,23
ANNELIDA,ANNELIDA,POLYCHAETA,AMPHARETE ARCTICA,Polychaeta,82
ANNELIDA,ANNELIDA,POLYCHAETA,AMPHARETIDAE,Polychaeta,246
ANNELIDA,ANNELIDA,POLYCHAETA,AMPHINOMIDAE,Polychaeta,45
ANNELIDA,ANNELIDA,POLYCHAETA,AMPHITRITE JOHNSTONI,Polychaeta,1
ANNELIDA,ANNELIDA,POLYCHAETA,ANTINOELLA ANGUSTA,Polychaeta,1
ANNELIDA,ANNELIDA,POLYCHAETA,ARABELLA IRICOLOR,Polychaeta,2
ANNELIDA,ANNELIDA,POLYCHAETA,ARCHIANNELIDA,Polychaeta,2
ANNELIDA,ANNELIDA,POLYCHAETA,ARICIDEA SP,Polychaeta,3
ANNELIDA,ANNELIDA,POLYCHAETA,ASABELLIDES OCULATA,Polychaeta,6
ANNELIDA,ANNELIDA,POLYCHAETA,AUTOLYTUS SP,Polychaeta,1
ANNELIDA,ANNELIDA,POLYCHAETA,BRADA VILLOSA,Polychaeta,1
ANNELIDA,ANNELIDA,POLYCHAETA,CAPITELLIDAE,Polychaeta,30
ANNELIDA,ANNELIDA,POLYCHAETA,CERATOCEPHALE LOVENI,Polychaeta,1
ANNELIDA,ANNELIDA,POLYCHAETA,CHAETOPTERIDAE,Polychaeta,1
ANNELIDA,ANNELIDA,POLYCHAETA,CHONE INFUNDIBULIFORMIS,Polychaeta,43
ANNELIDA,ANNELIDA,POLYCHAETA,CIRRATULUS SP,Polychaeta,2
ANNELIDA,ANNELIDA,POLYCHAETA,CLYMENELLA TORQUATA,Polychaeta,21
ANNELIDA,ANNELIDA,POLYCHAETA,CLYMENELLA ZONALIS,Polychaeta,7
ANNELIDA,ANNELIDA,POLYCHAETA,DIOPATRA CUPREA,Polychaeta,3
ANNELIDA,ANNELIDA,POLYCHAETA,DRILONEREIS LONGA,Polychaeta,2
ANNELIDA,ANNELIDA,POLYCHAETA,DRILONEREIS MAGNA,Polychaeta,3
ANNELIDA,ANNELIDA,POLYCHAETA,ETEONE FLAVA,Polychaeta,1
ANNELIDA,ANNELIDA,POLYCHAETA,ETEONE HETEROPODA,Polychaeta,1
ANNELIDA,ANNELIDA,POLYCHAETA,ETEONE LACTEA,Polychaeta,1
ANNELIDA,ANNELIDA,POLYCHAETA,ETEONE LONGA,Polychaeta,2
ANNELIDA,ANNELIDA,POLYCHAETA,EUCHONE RUBROCINCTA,Polychaeta,3
ANNELIDA,ANNELIDA,POLYCHAETA,EUCLYMENE COLLARIS,Polychaeta,9
ANNELIDA,ANNELIDA,POLYCHAETA,EULALIA VIRIDIS,Polychaeta,1
ANNELIDA,ANNELIDA,POLYCHAETA,EUMIDA SANGUINEA,Polychaeta,1
ANNELIDA,ANNELIDA,POLYCHAETA,EUNICE PENNATA,Polychaeta,24
ANNELIDA,ANNELIDA,POLYCHAETA,EUPHROSINIDAE,Polychaeta,3
ANNELIDA,ANNELIDA,POLYCHAETA,EXOGONE SP,Polychaeta,2
ANNELIDA,ANNELIDA,POLYCHAETA,FILOGRANA IMPLEXA,Polychaeta,3
ANNELIDA,ANNELIDA,POLYCHAETA,FLABELLIGERIDAE,Polychaeta,119
ANNELIDA,ANNELIDA,POLYCHAETA,GLYCERA AMERICANA,Polychaeta,3
ANNELIDA,ANNELIDA,POLYCHAETA,GLYCERA CAPITATA,Polychaeta,2
ANNELIDA,ANNELIDA,POLYCHAETA,GLYCERA DIBRANCHIATA,Polychaeta,2
ANNELIDA,ANNELIDA,POLYCHAETA,GLYCINDE SOLITARIA,Polychaeta,1
ANNELIDA,ANNELIDA,POLYCHAETA,GONIADA MACULATA,Polychaeta,6
ANNELIDA,ANNELIDA,POLYCHAETA,GONIADA NORVEGICA,Polychaeta,1
ANNELIDA,ANNELIDA,POLYCHAETA,GONIADELLA SP,Polychaeta,1
ANNELIDA,ANNELIDA,POLYCHAETA,HARMOTHOE IMBRICATA,Polychaeta,1
ANNELIDA,ANNELIDA,POLYCHAETA,HESIONIDAE,Polychaeta,6
ANNELIDA,ANNELIDA,POLYCHAETA,LAONICE CIRRATA,Polychaeta,1
ANNELIDA,ANNELIDA,POLYCHAETA,LEANIRA SP,Polychaeta,1
ANNELIDA,ANNELIDA,POLYCHAETA,LEPIDONOTUS SQUAMATUS,Polychaeta,1
ANNELIDA,ANNELIDA,POLYCHAETA,LOIMIA MEDUSA,Polychaeta,1
ANNELIDA,ANNELIDA,POLYCHAETA,LUMBRINERIDAE,Polychaeta,397
ANNELIDA,ANNELIDA,POLYCHAETA,LUMBRINERIS FRAGILIS,Polychaeta,91
ANNELIDA,ANNELIDA,POLYCHAETA,LUMBRINERIS LATREILLI,Polychaeta,1
ANNELIDA,ANNELIDA,POLYCHAETA,LUMBRINERIS TENUIS,Polychaeta,11
ANNELIDA,ANNELIDA,POLYCHAETA,MALDANIDAE,Polychaeta,462
ANNELIDA,ANNELIDA,POLYCHAETA,MARPHYSA BELLI,Polychaeta,4
ANNELIDA,ANNELIDA,POLYCHAETA,MELINNA CRISTATA,Polychaeta,2
ANNELIDA,ANNELIDA,POLYCHAETA,MYRIOCHELE HEERI,Polychaeta,1
ANNELIDA,ANNELIDA,POLYCHAETA,MYXICOLA INFUNDIBULUM,Polychaeta,1
ANNELIDA,ANNELIDA,POLYCHAETA,NEPHTYIDAE,Polychaeta,350
ANNELIDA,ANNELIDA,POLYCHAETA,NEPHTYS BUCERA,Polychaeta,44
ANNELIDA,ANNELIDA,POLYCHAETA,NEPHTYS CAECA,Polychaeta,8
ANNELIDA,ANNELIDA,POLYCHAETA,NEPHTYS CILIATA,Polychaeta,3
ANNELIDA,ANNELIDA,POLYCHAETA,NEPHTYS DISCORS,Polychaeta,8
ANNELIDA,ANNELIDA,POLYCHAETA,NEPHTYS INCISA,Polychaeta,16
ANNELIDA,ANNELIDA,POLYCHAETA,NEPHTYS LONGOSETOSA,Polychaeta,4
ANNELIDA,ANNELIDA,POLYCHAETA,NEPHTYS PICTA,Polychaeta,21
ANNELIDA,ANNELIDA,POLYCHAETA,NEREIS GRAYI,Polychaeta,1
ANNELIDA,ANNELIDA,POLYCHAETA,NEREIS PELAGICA,Polychaeta,2
ANNELIDA,ANNELIDA,POLYCHAETA,NEREIS SUCCINEA,Polychaeta,20
ANNELIDA,ANNELIDA,POLYCHAETA,NEREIS VIRENS,Polychaeta,2
ANNELIDA,ANNELIDA,POLYCHAETA,NEREIS ZONATA,Polychaeta,2
ANNELIDA,ANNELIDA,POLYCHAETA,NICOLEA VENUSTULA,Polychaeta,2
ANNELIDA,ANNELIDA,POLYCHAETA,NICOMACHE LUMBRICALIS,Polychaeta,8
ANNELIDA,ANNELIDA,POLYCHAETA,NINOE NIGRIPES,Polychaeta,34
ANNELIDA,ANNELIDA,POLYCHAETA,NOTHRIA CONCHYLEGA,Polychaeta,15
ANNELIDA,ANNELIDA,POLYCHAETA,NOTOMASTUS SP,Polychaeta,2
ANNELIDA,ANNELIDA,POLYCHAETA,ONUPHIDAE,Polychaeta,104
ANNELIDA,ANNELIDA,POLYCHAETA,ONUPHIS EREMITA,Polychaeta,9
ANNELIDA,ANNELIDA,POLYCHAETA,ONUPHIS OPALINA,Polychaeta,7
ANNELIDA,ANNELIDA,POLYCHAETA,OPHELIA BICORNIS,Polychaeta,8
ANNELIDA,ANNELIDA,POLYCHAETA,OPHELIA DENTICULATA,Polychaeta,18
ANNELIDA,ANNELIDA,POLYCHAETA,OPHELINA ACUMINATA,Polychaeta,6
ANNELIDA,ANNELIDA,POLYCHAETA,OPHELINA AULOGASTER,Polychaeta,2
ANNELIDA,ANNELIDA,POLYCHAETA,OPHIOGLYCERA GIGANTEA,Polychaeta,6
ANNELIDA,ANNELIDA,POLYCHAETA,ORBINIA ORNATA,Polychaeta,1
ANNELIDA,ANNELIDA,POLYCHAETA,ORBINIIDAE,Polychaeta,10
ANNELIDA,ANNELIDA,POLYCHAETA,OWENIIDAE,Polychaeta,36
ANNELIDA,ANNELIDA,POLYCHAETA,PARANINOE BREVIPES,Polychaeta,2
ANNELIDA,ANNELIDA,POLYCHAETA,PARAONIDAE,Polychaeta,25
ANNELIDA,ANNELIDA,POLYCHAETA,PARAONIS GRACILIS,Polychaeta,1
ANNELIDA,ANNELIDA,POLYCHAETA,PECTINARIA GOULDI,Polychaeta,1
ANNELIDA,ANNELIDA,POLYCHAETA,PECTINARIIDAE,Polychaeta,2
ANNELIDA,ANNELIDA,POLYCHAETA,PHERUSA AFFINIS,Polychaeta,29
ANNELIDA,ANNELIDA,POLYCHAETA,PHERUSA ARENOSA,Polychaeta,1
ANNELIDA,ANNELIDA,POLYCHAETA,PHERUSA PLUMOSA,Polychaeta,1
ANNELIDA,ANNELIDA,POLYCHAETA,PHOLOE MINUTA,Polychaeta,2
ANNELIDA,ANNELIDA,POLYCHAETA,PHYLLODOCE ARENAE,Polychaeta,4
ANNELIDA,ANNELIDA,POLYCHAETA,PHYLLODOCE GROENLANDICA,Polychaeta,12
ANNELIDA,ANNELIDA,POLYCHAETA,PHYLLODOCE MACULATA,Polychaeta,17
ANNELIDA,ANNELIDA,POLYCHAETA,PHYLLODOCE MUCOSA,Polychaeta,35
ANNELIDA,ANNELIDA,POLYCHAETA,POLYDORA SP,Polychaeta,3
ANNELIDA,ANNELIDA,POLYCHAETA,POLYNOIDAE,Polychaeta,61
ANNELIDA,ANNELIDA,POLYCHAETA,POTAMILLA NEGLECTA,Polychaeta,1
ANNELIDA,ANNELIDA,POLYCHAETA,POTAMILLA RENIFORMIS,Polychaeta,4
ANNELIDA,ANNELIDA,POLYCHAETA,PRAXILLELLA SP,Polychaeta,2
ANNELIDA,ANNELIDA,POLYCHAETA,PRIONOSPIO SP,Polychaeta,7
ANNELIDA,ANNELIDA,POLYCHAETA,RHODINE LOVENI,Polychaeta,1
ANNELIDA,ANNELIDA,POLYCHAETA,SABELLA CRASSICORNIS,Polychaeta,1
ANNELIDA,ANNELIDA,POLYCHAETA,SCALIBREGMA INFLATUM,Polychaeta,73
ANNELIDA,ANNELIDA,POLYCHAETA,SCOLELEPIS SQUAMATA,Polychaeta,1
ANNELIDA,ANNELIDA,POLYCHAETA,SCOLOPLOS SP,Polychaeta,5
ANNELIDA,ANNELIDA,POLYCHAETA,SERPULIDAE,Polychaeta,3
ANNELIDA,ANNELIDA,POLYCHAETA,SIGALION ARENICOLA,Polychaeta,3
ANNELIDA,ANNELIDA,POLYCHAETA,SPHAERODORIDAE,Polychaeta,2
ANNELIDA,ANNELIDA,POLYCHAETA,SPIONIDAE,Polychaeta,115
ANNELIDA,ANNELIDA,POLYCHAETA,SPIOPHANES BOMBYX,Polychaeta,159
ANNELIDA,ANNELIDA,POLYCHAETA,STERNASPIS SCUTATA,Polychaeta,74
ANNELIDA,ANNELIDA,POLYCHAETA,STHENELAIS BOA,Polychaeta,1
ANNELIDA,ANNELIDA,POLYCHAETA,STHENELAIS LIMICOLA,Polychaeta,21
ANNELIDA,ANNELIDA,POLYCHAETA,SYLLIDES SP,Polychaeta,3
ANNELIDA,ANNELIDA,POLYCHAETA,SYLLIS SP,Polychaeta,1
ANNELIDA,ANNELIDA,POLYCHAETA,TEREBELLA LAPIDARIA,Polychaeta,1
ANNELIDA,ANNELIDA,POLYCHAETA,TEREBELLIDES STROEMII,Polychaeta,13
ANNELIDA,ANNELIDA,POLYCHAETA,THARYX SP,Polychaeta,1
ANNELIDA,ANNELIDA,POLYCHAETA,THELEPUS CINCINNATUS,Polychaeta,5
ANNELIDA,ANNELIDA,POLYCHAETA,TOMOPTERIS HELGOLANDICA,Polychaeta,20
ANNELIDA,ANNELIDA,POLYCHAETA,TRAVISIA CARNEA,Polychaeta,6
ANNELIDA,ANNELIDA,POLYCHAETA,TRAVISIA FORBESII,Polychaeta,2
ANNELIDA,ANNELIDA,POLYCHAETA,TRICHOBRANCHIDAE,Polychaeta,1
ANNELIDA,ANNELIDA,POLYCHAETA,TROCHOCHAETA SP,Polychaeta,1
FISH,RAJIFORMES,LEUCORAJA GARMANI,LEUCORAJA GARMANI,Rajiformes,2
FISH,RAJIFORMES,RAJA EGLANTERIA,RAJA EGLANTERIA,Rajiformes,4
FISH,RAJIFORMES,RAJA ERINACEA,RAJA ERINACEA,Rajiformes,72
FISH,RAJIFORMES,RAJA GARMANI,RAJA GARMANI,Rajiformes,1
FISH,RAJIFORMES,RAJA RADIATA,RAJA RADIATA,Rajiformes,3
FISH,RAJIFORMES,RAJA SENTA,RAJA SENTA,Rajiformes,5
FISH,SCOMBRIDAE,AUXIS SP,AUXIS SP,Scombridae,4
FISH,SCOMBRIDAE,SCOMBER SCOMBRUS,SCOMBER SCOMBRUS,Scombridae,395
ANNELIDA,ANNELIDA,OLIGOCHAETA,ENCHYTRAEIDAE,Worms,9
ANNELIDA,ANNELIDA,OLIGOCHAETA,OLIGOCHAETA,Worms,3
CHAETOGNATHA,CHAETOGNATHA,CHAETOGNATHA,CHAETOGNATHA,Worms,430
CHAETOGNATHA,CHAETOGNATHA,CHAETOGNATHA,SAGITTA ELEGANS,Worms,20
WORMS,NEMATODA,NEMATODA,NEMATODA,Worms,1169
WORMS,WORMS,PLATYHELMINTHES,CESTODA,Worms,241
WORMS,WORMS,PLATYHELMINTHES,PLATYHELMINTHES,Worms,19
WORMS,WORMS,PLATYHELMINTHES,TREMATODA,Worms,391
WORMS,WORMS,WORMS,ACANTHOCEPHALA,Worms,19
WORMS,WORMS,WORMS,ASPIDOSIPHON ALBUS,Worms,1
WORMS,WORMS,WORMS,CEREBRATULUS SP,Worms,5
WORMS,WORMS,WORMS,ECHIURA,Worms,2
WORMS,WORMS,WORMS,ECHIURIDAE,Worms,1
WORMS,WORMS,WORMS,MICRURA SP,Worms,1
WORMS,WORMS,WORMS,NEMERTEA,Worms,304
WORMS,WORMS,WORMS,PHASCOLION STROMBI,Worms,5
WORMS,WORMS,WORMS,PHASCOLOPSIS GOULDII,Worms,5
WORMS,WORMS,WORMS,PHORONIDA,Worms,1
WORMS,WORMS,WORMS,PRIAPULUS CAUDATUS,Worms,6
WORMS,WORMS,WORMS,SIPUNCULA,Worms,78
ARTHROPODA,ARTHROPODA,OSTRACODA,OSTRACODA,Zooplankton,49
ARTHROPODA,CIRRIPEDIA,CIRRIPEDIA,CIRRIPEDIA LARVAE,Zooplankton,6
ARTHROPODA,COPEPODA,COPEPODA,ARGULUS SP,Zooplankton,2
ARTHROPODA,COPEPODA,COPEPODA,CALANOIDA,Zooplankton,493
ARTHROPODA,COPEPODA,COPEPODA,CALANUS FINMARCHICUS,Zooplankton,171
ARTHROPODA,COPEPODA,COPEPODA,CALIGUS SP,Zooplankton,2
ARTHROPODA,COPEPODA,COPEPODA,CANDACIA ARMATA,Zooplankton,10
ARTHROPODA,COPEPODA,COPEPODA,CANDACIA NORVEGICA,Zooplankton,2
ARTHROPODA,COPEPODA,COPEPODA,CENTROPAGES TYPICUS,Zooplankton,3
ARTHROPODA,COPEPODA,COPEPODA,CYCLOPOIDA,Zooplankton,1
ARTHROPODA,COPEPODA,COPEPODA,HARPACTICIDAE,Zooplankton,1
ARTHROPODA,COPEPODA,COPEPODA,HARPACTICOIDA,Zooplankton,1
ARTHROPODA,COPEPODA,COPEPODA,PSEUDOCALANUS SP,Zooplankton,1
ARTHROPODA,COPEPODA,COPEPODA,RHINCALANUS CORNUTUS,Zooplankton,1
