gensci,genamtw,analsci,anamtw,collsci,colamtw,pynam,pyamtw
ANIMAL REMAINS,97881.9,ANIMAL REMAINS,97881.9,ANIMAL REMAINS,97881.9,ANIMAL EGGS,1069.68
ANIMAL REMAINS,97881.9,ANIMAL REMAINS,97881.9,ANIMAL REMAINS,97881.9,ANIMAL REMAINS,96555.92
ANIMAL REMAINS,97881.9,ANIMAL REMAINS,97881.9,ANIMAL REMAINS,97881.9,ANIMAL TUBES,256.18
ANIMAL REMAINS,97881.9,ANIMAL REMAINS,97881.9,ANIMAL REMAINS,97881.9,FECAL REMAINS,0.12
ANNELIDA,32116.01,ANNELIDA,32116.01,APHRODITIDAE,1972.2,APHRODITA HASTATA,737.35
ANNELIDA,32116.01,ANNELIDA,32116.01,APHRODITIDAE,1972.2,APHRODITIDAE,1234.85
ANNELIDA,32116.01,ANNELIDA,32116.01,HIRUDENEA,0.88,HIRUDINEA,0.88
ANNELIDA,32116.01,ANNELIDA,32116.01,OLIGOCHAETA,0.16,OLIGOCHAETA,0.16
ANNELIDA,32116.01,ANNELIDA,32116.01,POLYCHAETA,30142.77,AGLAOPHAMUS SP,0.04
ANNELIDA,32116.01,ANNELIDA,32116.01,POLYCHAETA,30142.77,AMPHARETE ACUTIFRONS,0
ANNELIDA,32116.01,ANNELIDA,32116.01,POLYCHAETA,30142.77,AMPHARETE ARCTICA,1.31
ANNELIDA,32116.01,ANNELIDA,32116.01,POLYCHAETA,30142.77,AMPHARETE SP,0.01
ANNELIDA,32116.01,ANNELIDA,32116.01,POLYCHAETA,30142.77,AMPHARETIDAE,13.83
ANNELIDA,32116.01,ANNELIDA,32116.01,POLYCHAETA,30142.77,AMPHINOMIDAE,0.96
ANNELIDA,32116.01,ANNELIDA,32116.01,POLYCHAETA,30142.77,AMPHITRITE JOHNSTONI,0.45
ANNELIDA,32116.01,ANNELIDA,32116.01,POLYCHAETA,30142.77,AMPHITRITE SP,0.06
ANNELIDA,32116.01,ANNELIDA,32116.01,POLYCHAETA,30142.77,ANTINOELLA ANGUSTA,0.55
ANNELIDA,32116.01,ANNELIDA,32116.01,POLYCHAETA,30142.77,ARABELLA IRICOLOR,1.31
ANNELIDA,32116.01,ANNELIDA,32116.01,POLYCHAETA,30142.77,ARABELLIDAE,0.19
ANNELIDA,32116.01,ANNELIDA,32116.01,POLYCHAETA,30142.77,ARCHIANNELIDA,0.02
ANNELIDA,32116.01,ANNELIDA,32116.01,POLYCHAETA,30142.77,ARICIDEA SP,0.02
ANNELIDA,32116.01,ANNELIDA,32116.01,POLYCHAETA,30142.77,CAPITELLIDAE,1.57
ANNELIDA,32116.01,ANNELIDA,32116.01,POLYCHAETA,30142.77,CERATOCEPHALE LOVENI,0.06
ANNELIDA,32116.01,ANNELIDA,32116.01,POLYCHAETA,30142.77,CHAETOPTERIDAE,14.41
ANNELIDA,32116.01,ANNELIDA,32116.01,POLYCHAETA,30142.77,CHONE INFUNDIBULIFORMIS,12.98
ANNELIDA,32116.01,ANNELIDA,32116.01,POLYCHAETA,30142.77,CHONE SP,2.2
ANNELIDA,32116.01,ANNELIDA,32116.01,POLYCHAETA,30142.77,CIRRATULIDAE,3.33
ANNELIDA,32116.01,ANNELIDA,32116.01,POLYCHAETA,30142.77,CIRRATULUS SP,0.03
ANNELIDA,32116.01,ANNELIDA,32116.01,POLYCHAETA,30142.77,CLYMENELLA TORQUATA,8.84
ANNELIDA,32116.01,ANNELIDA,32116.01,POLYCHAETA,30142.77,DRILONEREIS LONGA,0.2
ANNELIDA,32116.01,ANNELIDA,32116.01,POLYCHAETA,30142.77,DRILONEREIS MAGNA,0.04
ANNELIDA,32116.01,ANNELIDA,32116.01,POLYCHAETA,30142.77,DRILONEREIS SP,2.45
ANNELIDA,32116.01,ANNELIDA,32116.01,POLYCHAETA,30142.77,ETEONE LONGA,0.32
ANNELIDA,32116.01,ANNELIDA,32116.01,POLYCHAETA,30142.77,EUCLYMENE COLLARIS,0.17
ANNELIDA,32116.01,ANNELIDA,32116.01,POLYCHAETA,30142.77,EULALIA VIRIDIS,0.33
ANNELIDA,32116.01,ANNELIDA,32116.01,POLYCHAETA,30142.77,EUNICE PENNATA,10.95
ANNELIDA,32116.01,ANNELIDA,32116.01,POLYCHAETA,30142.77,EUNICE SP,4.72
ANNELIDA,32116.01,ANNELIDA,32116.01,POLYCHAETA,30142.77,EUNICIDAE,6.17
ANNELIDA,32116.01,ANNELIDA,32116.01,POLYCHAETA,30142.77,EUPHROSINIDAE,3.16
ANNELIDA,32116.01,ANNELIDA,32116.01,POLYCHAETA,30142.77,EXOGONE SP,0
ANNELIDA,32116.01,ANNELIDA,32116.01,POLYCHAETA,30142.77,FLABELLIGERIDAE,13.28
ANNELIDA,32116.01,ANNELIDA,32116.01,POLYCHAETA,30142.77,GLYCERA AMERICANA,0.83
ANNELIDA,32116.01,ANNELIDA,32116.01,POLYCHAETA,30142.77,GLYCERA CAPITATA,0.04
ANNELIDA,32116.01,ANNELIDA,32116.01,POLYCHAETA,30142.77,GLYCERA DIBRANCHIATA,0.66
ANNELIDA,32116.01,ANNELIDA,32116.01,POLYCHAETA,30142.77,GLYCERA SP,0.08
ANNELIDA,32116.01,ANNELIDA,32116.01,POLYCHAETA,30142.77,GLYCERIDAE,27.98
ANNELIDA,32116.01,ANNELIDA,32116.01,POLYCHAETA,30142.77,GLYCINDE SOLITARIA,0.01
ANNELIDA,32116.01,ANNELIDA,32116.01,POLYCHAETA,30142.77,GONIADA MACULATA,0.51
ANNELIDA,32116.01,ANNELIDA,32116.01,POLYCHAETA,30142.77,GONIADA NORVEGICA,2.4
ANNELIDA,32116.01,ANNELIDA,32116.01,POLYCHAETA,30142.77,GONIADA SP,0.01
ANNELIDA,32116.01,ANNELIDA,32116.01,POLYCHAETA,30142.77,GONIADELLA SP,0.04
ANNELIDA,32116.01,ANNELIDA,32116.01,POLYCHAETA,30142.77,GONIADIDAE,6.16
ANNELIDA,32116.01,ANNELIDA,32116.01,POLYCHAETA,30142.77,HARMOTHOE EXTENUATA,0.04
ANNELIDA,32116.01,ANNELIDA,32116.01,POLYCHAETA,30142.77,HARMOTHOE SP,0.04
ANNELIDA,32116.01,ANNELIDA,32116.01,POLYCHAETA,30142.77,HESIONIDAE,0.21
ANNELIDA,32116.01,ANNELIDA,32116.01,POLYCHAETA,30142.77,LAETMONICE FILICORNIS,0.5
ANNELIDA,32116.01,ANNELIDA,32116.01,POLYCHAETA,30142.77,LUMBRINERIDAE,33.44
ANNELIDA,32116.01,ANNELIDA,32116.01,POLYCHAETA,30142.77,LUMBRINERIS FRAGILIS,3.48
ANNELIDA,32116.01,ANNELIDA,32116.01,POLYCHAETA,30142.77,LUMBRINERIS SP,1.98
ANNELIDA,32116.01,ANNELIDA,32116.01,POLYCHAETA,30142.77,LUMBRINERIS TENUIS,0.07
ANNELIDA,32116.01,ANNELIDA,32116.01,POLYCHAETA,30142.77,MALDANIDAE,54.3
ANNELIDA,32116.01,ANNELIDA,32116.01,POLYCHAETA,30142.77,MARPHYSA BELLI,0.13
ANNELIDA,32116.01,ANNELIDA,32116.01,POLYCHAETA,30142.77,MARPHYSA SP,0.02
ANNELIDA,32116.01,ANNELIDA,32116.01,POLYCHAETA,30142.77,MELINNA CRISTATA,6.46
ANNELIDA,32116.01,ANNELIDA,32116.01,POLYCHAETA,30142.77,MYRIOCHELE HEERI,0
ANNELIDA,32116.01,ANNELIDA,32116.01,POLYCHAETA,30142.77,MYXICOLA INFUNDIBULUM,3.88
ANNELIDA,32116.01,ANNELIDA,32116.01,POLYCHAETA,30142.77,NEPHTYIDAE,44.07
ANNELIDA,32116.01,ANNELIDA,32116.01,POLYCHAETA,30142.77,NEPHTYS BUCERA,3.99
ANNELIDA,32116.01,ANNELIDA,32116.01,POLYCHAETA,30142.77,NEPHTYS INCISA,10.46
ANNELIDA,32116.01,ANNELIDA,32116.01,POLYCHAETA,30142.77,NEPHTYS PICTA,0.01
ANNELIDA,32116.01,ANNELIDA,32116.01,POLYCHAETA,30142.77,NEPHTYS SP,21.34
ANNELIDA,32116.01,ANNELIDA,32116.01,POLYCHAETA,30142.77,NEREIDAE,102.76
ANNELIDA,32116.01,ANNELIDA,32116.01,POLYCHAETA,30142.77,NEREIS SP,15.49
ANNELIDA,32116.01,ANNELIDA,32116.01,POLYCHAETA,30142.77,NEREIS SUCCINEA,0.8
ANNELIDA,32116.01,ANNELIDA,32116.01,POLYCHAETA,30142.77,NICOMACHE LUMBRICALIS,0.05
ANNELIDA,32116.01,ANNELIDA,32116.01,POLYCHAETA,30142.77,NINOE NIGRIPES,0.46
ANNELIDA,32116.01,ANNELIDA,32116.01,POLYCHAETA,30142.77,NOTHRIA CONCHYLEGA,0.1
ANNELIDA,32116.01,ANNELIDA,32116.01,POLYCHAETA,30142.77,NOTOMASTUS SP,0.24
ANNELIDA,32116.01,ANNELIDA,32116.01,POLYCHAETA,30142.77,ONUPHIDAE,18
ANNELIDA,32116.01,ANNELIDA,32116.01,POLYCHAETA,30142.77,ONUPHIS EREMITA,1.03
ANNELIDA,32116.01,ANNELIDA,32116.01,POLYCHAETA,30142.77,ONUPHIS OPALINA,10.97
ANNELIDA,32116.01,ANNELIDA,32116.01,POLYCHAETA,30142.77,OPHELIA DENTICULATA,0.25
ANNELIDA,32116.01,ANNELIDA,32116.01,POLYCHAETA,30142.77,OPHELIA SP,1.57
ANNELIDA,32116.01,ANNELIDA,32116.01,POLYCHAETA,30142.77,OPHELIIDAE,5.06
ANNELIDA,32116.01,ANNELIDA,32116.01,POLYCHAETA,30142.77,OPHELINA ACUMINATA,30.22
ANNELIDA,32116.01,ANNELIDA,32116.01,POLYCHAETA,30142.77,OPHELINA SP,4.81
ANNELIDA,32116.01,ANNELIDA,32116.01,POLYCHAETA,30142.77,OPHIOGLYCERA GIGANTEA,6.72
ANNELIDA,32116.01,ANNELIDA,32116.01,POLYCHAETA,30142.77,ORBINIA ORNATA,0.58
ANNELIDA,32116.01,ANNELIDA,32116.01,POLYCHAETA,30142.77,ORBINIIDAE,0.08
ANNELIDA,32116.01,ANNELIDA,32116.01,POLYCHAETA,30142.77,OWENIIDAE,0.49
ANNELIDA,32116.01,ANNELIDA,32116.01,POLYCHAETA,30142.77,PARANINOE BREVIPES,0.4
ANNELIDA,32116.01,ANNELIDA,32116.01,POLYCHAETA,30142.77,PARAONIDAE,0.05
ANNELIDA,32116.01,ANNELIDA,32116.01,POLYCHAETA,30142.77,PARAONIS SP,0
ANNELIDA,32116.01,ANNELIDA,32116.01,POLYCHAETA,30142.77,PECTINARIA GOULDI,0.21
ANNELIDA,32116.01,ANNELIDA,32116.01,POLYCHAETA,30142.77,PECTINARIA SP,0.79
ANNELIDA,32116.01,ANNELIDA,32116.01,POLYCHAETA,30142.77,PECTINARIIDAE,1.24
ANNELIDA,32116.01,ANNELIDA,32116.01,POLYCHAETA,30142.77,PHERUSA AFFINIS,0.65
ANNELIDA,32116.01,ANNELIDA,32116.01,POLYCHAETA,30142.77,PHERUSA ARENOSA,0.66
ANNELIDA,32116.01,ANNELIDA,32116.01,POLYCHAETA,30142.77,PHERUSA SP,2.4
ANNELIDA,32116.01,ANNELIDA,32116.01,POLYCHAETA,30142.77,PHOLOE MINUTA,0.02
ANNELIDA,32116.01,ANNELIDA,32116.01,POLYCHAETA,30142.77,PHYLLODOCE ARENAE,0.9
ANNELIDA,32116.01,ANNELIDA,32116.01,POLYCHAETA,30142.77,PHYLLODOCE GROENLANDICA,2.3
ANNELIDA,32116.01,ANNELIDA,32116.01,POLYCHAETA,30142.77,PHYLLODOCE MACULATA,0.16
ANNELIDA,32116.01,ANNELIDA,32116.01,POLYCHAETA,30142.77,PHYLLODOCE MUCOSA,0.02
ANNELIDA,32116.01,ANNELIDA,32116.01,POLYCHAETA,30142.77,PHYLLODOCE SP,0.77
ANNELIDA,32116.01,ANNELIDA,32116.01,POLYCHAETA,30142.77,PHYLLODOCIDAE,10.84
ANNELIDA,32116.01,ANNELIDA,32116.01,POLYCHAETA,30142.77,POLYCHAETA,29091.2
ANNELIDA,32116.01,ANNELIDA,32116.01,POLYCHAETA,30142.77,POLYDORA SP,0.09
ANNELIDA,32116.01,ANNELIDA,32116.01,POLYCHAETA,30142.77,POLYNOIDAE,6.66
ANNELIDA,32116.01,ANNELIDA,32116.01,POLYCHAETA,30142.77,POTAMILLA RENIFORMIS,0.05
ANNELIDA,32116.01,ANNELIDA,32116.01,POLYCHAETA,30142.77,PRAXILLELLA SP,0.11
ANNELIDA,32116.01,ANNELIDA,32116.01,POLYCHAETA,30142.77,PRIONOSPIO SP,0
ANNELIDA,32116.01,ANNELIDA,32116.01,POLYCHAETA,30142.77,PRIONOSPIO STEENSTRUPI,0
ANNELIDA,32116.01,ANNELIDA,32116.01,POLYCHAETA,30142.77,RHODINE LOVENI,0.01
ANNELIDA,32116.01,ANNELIDA,32116.01,POLYCHAETA,30142.77,SABELLIDAE,53.24
ANNELIDA,32116.01,ANNELIDA,32116.01,POLYCHAETA,30142.77,SCALIBREGMA INFLATUM,3.78
ANNELIDA,32116.01,ANNELIDA,32116.01,POLYCHAETA,30142.77,SERPULIDAE,1.46
ANNELIDA,32116.01,ANNELIDA,32116.01,POLYCHAETA,30142.77,SIGALIONIDAE,1.34
ANNELIDA,32116.01,ANNELIDA,32116.01,POLYCHAETA,30142.77,SPHAERODORIDAE,0
ANNELIDA,32116.01,ANNELIDA,32116.01,POLYCHAETA,30142.77,SPHAERODORUM GRACILIS,0
ANNELIDA,32116.01,ANNELIDA,32116.01,POLYCHAETA,30142.77,SPIO FILICORNIS,0.02
ANNELIDA,32116.01,ANNELIDA,32116.01,POLYCHAETA,30142.77,SPIONIDAE,85.99
ANNELIDA,32116.01,ANNELIDA,32116.01,POLYCHAETA,30142.77,SPIOPHANES BOMBYX,89.02
ANNELIDA,32116.01,ANNELIDA,32116.01,POLYCHAETA,30142.77,SPIOPHANES SP,0
ANNELIDA,32116.01,ANNELIDA,32116.01,POLYCHAETA,30142.77,STERNASPIS SCUTATA,2.88
ANNELIDA,32116.01,ANNELIDA,32116.01,POLYCHAETA,30142.77,STHENELAIS LIMICOLA,1.03
ANNELIDA,32116.01,ANNELIDA,32116.01,POLYCHAETA,30142.77,STHENELAIS SP,0.37
ANNELIDA,32116.01,ANNELIDA,32116.01,POLYCHAETA,30142.77,SYLLIDAE,0
ANNELIDA,32116.01,ANNELIDA,32116.01,POLYCHAETA,30142.77,SYLLIS CORNUTA,0
ANNELIDA,32116.01,ANNELIDA,32116.01,POLYCHAETA,30142.77,TEREBELLIDA,200.35
ANNELIDA,32116.01,ANNELIDA,32116.01,POLYCHAETA,30142.77,TEREBELLIDAE,15.94
ANNELIDA,32116.01,ANNELIDA,32116.01,POLYCHAETA,30142.77,TEREBELLIDES STROEMII,0.51
ANNELIDA,32116.01,ANNELIDA,32116.01,POLYCHAETA,30142.77,THARYX SP,0.73
ANNELIDA,32116.01,ANNELIDA,32116.01,POLYCHAETA,30142.77,THELEPUS CINCINNATUS,0.47
ANNELIDA,32116.01,ANNELIDA,32116.01,POLYCHAETA,30142.77,TOMOPTERIDAE,0.7
ANNELIDA,32116.01,ANNELIDA,32116.01,POLYCHAETA,30142.77,TOMOPTERIS HELGOLANDICA,4.98
ANNELIDA,32116.01,ANNELIDA,32116.01,POLYCHAETA,30142.77,TOMOPTERIS SP,33.45
ANNELIDA,32116.01,ANNELIDA,32116.01,POLYCHAETA,30142.77,TRAVISIA SP,0.19
ANNELIDA,32116.01,ANNELIDA,32116.01,POLYCHAETA,30142.77,TRICHOBRANCHIDAE,0.01
ARTHROPODA,301295.71,AMPHIPODA,42350.09,AMPHIPODA,9413.68,AMPHIPODA,9413.68
ARTHROPODA,301295.71,AMPHIPODA,42350.09,CAPRELLIDAE,849.06,AEGINELLA SPINOSA,4.25
ARTHROPODA,301295.71,AMPHIPODA,42350.09,CAPRELLIDAE,849.06,AEGININA LONGICORNIS,7.92
ARTHROPODA,301295.71,AMPHIPODA,42350.09,CAPRELLIDAE,849.06,CAPRELLA SP,1.39
ARTHROPODA,301295.71,AMPHIPODA,42350.09,CAPRELLIDAE,849.06,CAPRELLIDAE,835.5
ARTHROPODA,301295.71,AMPHIPODA,42350.09,GAMMARIDEA,30194.2,ACANTHOHAUSTORIUS MILLSI,0.23
ARTHROPODA,301295.71,AMPHIPODA,42350.09,GAMMARIDEA,30194.2,ACANTHOHAUSTORIUS SPINOSUS,0.01
ARTHROPODA,301295.71,AMPHIPODA,42350.09,GAMMARIDEA,30194.2,ACANTHONOTOZOMA SP,0.03
ARTHROPODA,301295.71,AMPHIPODA,42350.09,GAMMARIDEA,30194.2,AMPELISCA ABDITA,3.44
ARTHROPODA,301295.71,AMPHIPODA,42350.09,GAMMARIDEA,30194.2,AMPELISCA AGASSIZI,9.84
ARTHROPODA,301295.71,AMPHIPODA,42350.09,GAMMARIDEA,30194.2,AMPELISCA ESCHRICHTI,0.26
ARTHROPODA,301295.71,AMPHIPODA,42350.09,GAMMARIDEA,30194.2,AMPELISCA MACROCEPHALA,0.98
ARTHROPODA,301295.71,AMPHIPODA,42350.09,GAMMARIDEA,30194.2,AMPELISCA SP,1.41
ARTHROPODA,301295.71,AMPHIPODA,42350.09,GAMMARIDEA,30194.2,AMPELISCA SPINIPES,0.04
ARTHROPODA,301295.71,AMPHIPODA,42350.09,GAMMARIDEA,30194.2,AMPELISCA VADORUM,3.1
ARTHROPODA,301295.71,AMPHIPODA,42350.09,GAMMARIDEA,30194.2,AMPELISCA VERRILLI,0.19
ARTHROPODA,301295.71,AMPHIPODA,42350.09,GAMMARIDEA,30194.2,AMPELISCIDAE,13.62
ARTHROPODA,301295.71,AMPHIPODA,42350.09,GAMMARIDEA,30194.2,AMPHILOCHIDAE,0.05
ARTHROPODA,301295.71,AMPHIPODA,42350.09,GAMMARIDEA,30194.2,AMPHIPOREIA GIGANTEA,0.03
ARTHROPODA,301295.71,AMPHIPODA,42350.09,GAMMARIDEA,30194.2,AMPHIPOREIA LAWRENCIANA,0.02
ARTHROPODA,301295.71,AMPHIPODA,42350.09,GAMMARIDEA,30194.2,AMPITHOE RUBRICATA,2
ARTHROPODA,301295.71,AMPHIPODA,42350.09,GAMMARIDEA,30194.2,AMPITHOE SP,0.14
ARTHROPODA,301295.71,AMPHIPODA,42350.09,GAMMARIDEA,30194.2,ANONYX LILLJEBORGI,0.57
ARTHROPODA,301295.71,AMPHIPODA,42350.09,GAMMARIDEA,30194.2,ANONYX SARSI,3.71
ARTHROPODA,301295.71,AMPHIPODA,42350.09,GAMMARIDEA,30194.2,ANONYX SP,0.15
ARTHROPODA,301295.71,AMPHIPODA,42350.09,GAMMARIDEA,30194.2,AORIDAE,4.9
ARTHROPODA,301295.71,AMPHIPODA,42350.09,GAMMARIDEA,30194.2,ARGISSA HAMATIPES,0
ARTHROPODA,301295.71,AMPHIPODA,42350.09,GAMMARIDEA,30194.2,ATYLIDAE,0.1
ARTHROPODA,301295.71,AMPHIPODA,42350.09,GAMMARIDEA,30194.2,ATYLUS SWAMMERDAMI,0.01
ARTHROPODA,301295.71,AMPHIPODA,42350.09,GAMMARIDEA,30194.2,BATHYPOREIA PARKERI,0
ARTHROPODA,301295.71,AMPHIPODA,42350.09,GAMMARIDEA,30194.2,BATHYPOREIA QUODDYENSIS,0.04
ARTHROPODA,301295.71,AMPHIPODA,42350.09,GAMMARIDEA,30194.2,BATHYPOREIA SP,0
ARTHROPODA,301295.71,AMPHIPODA,42350.09,GAMMARIDEA,30194.2,BYBLIS GAIMARDI,0.08
ARTHROPODA,301295.71,AMPHIPODA,42350.09,GAMMARIDEA,30194.2,BYBLIS SERRATA,37.38
ARTHROPODA,301295.71,AMPHIPODA,42350.09,GAMMARIDEA,30194.2,BYBLIS SP,0.32
ARTHROPODA,301295.71,AMPHIPODA,42350.09,GAMMARIDEA,30194.2,CALLIOPIIDAE,0.02
ARTHROPODA,301295.71,AMPHIPODA,42350.09,GAMMARIDEA,30194.2,CALLIOPIUS LAEVIUSCULUS,4.02
ARTHROPODA,301295.71,AMPHIPODA,42350.09,GAMMARIDEA,30194.2,CASCO BIGELOWI,4.02
ARTHROPODA,301295.71,AMPHIPODA,42350.09,GAMMARIDEA,30194.2,COROPHIIDAE,44.44
ARTHROPODA,301295.71,AMPHIPODA,42350.09,GAMMARIDEA,30194.2,COROPHIUM ACUTUM,0.35
ARTHROPODA,301295.71,AMPHIPODA,42350.09,GAMMARIDEA,30194.2,COROPHIUM CRASSICORNE,0
ARTHROPODA,301295.71,AMPHIPODA,42350.09,GAMMARIDEA,30194.2,COROPHIUM SP,0.11
ARTHROPODA,301295.71,AMPHIPODA,42350.09,GAMMARIDEA,30194.2,DEXAMINE THEA,0
ARTHROPODA,301295.71,AMPHIPODA,42350.09,GAMMARIDEA,30194.2,DULICHIA MONACANTHA,0.11
ARTHROPODA,301295.71,AMPHIPODA,42350.09,GAMMARIDEA,30194.2,DULICHIA PORRECTA,0.62
ARTHROPODA,301295.71,AMPHIPODA,42350.09,GAMMARIDEA,30194.2,DULICHIA SP,4.16
ARTHROPODA,301295.71,AMPHIPODA,42350.09,GAMMARIDEA,30194.2,EOBROLGUS SPINOSUS,0.01
ARTHROPODA,301295.71,AMPHIPODA,42350.09,GAMMARIDEA,30194.2,ERICTHONIUS BRASILIENSIS,0.05
ARTHROPODA,301295.71,AMPHIPODA,42350.09,GAMMARIDEA,30194.2,ERICTHONIUS RUBRICORNIS,48.92
ARTHROPODA,301295.71,AMPHIPODA,42350.09,GAMMARIDEA,30194.2,ERICTHONIUS SP,1.01
ARTHROPODA,301295.71,AMPHIPODA,42350.09,GAMMARIDEA,30194.2,EUSIRIDAE,0.12
ARTHROPODA,301295.71,AMPHIPODA,42350.09,GAMMARIDEA,30194.2,EUSIRUS SP,0.04
ARTHROPODA,301295.71,AMPHIPODA,42350.09,GAMMARIDEA,30194.2,GAMMARIDEA,29278.85
ARTHROPODA,301295.71,AMPHIPODA,42350.09,GAMMARIDEA,30194.2,GAMMARUS ANNULATUS,70.69
ARTHROPODA,301295.71,AMPHIPODA,42350.09,GAMMARIDEA,30194.2,GAMMARUS LAWRENCIANUS,3.28
ARTHROPODA,301295.71,AMPHIPODA,42350.09,GAMMARIDEA,30194.2,GAMMARUS MUCRONATUS,0.07
ARTHROPODA,301295.71,AMPHIPODA,42350.09,GAMMARIDEA,30194.2,GAMMARUS SP,14.19
ARTHROPODA,301295.71,AMPHIPODA,42350.09,GAMMARIDEA,30194.2,HAPLOOPS SETOSA,0.93
ARTHROPODA,301295.71,AMPHIPODA,42350.09,GAMMARIDEA,30194.2,HAPLOOPS SP,0.38
ARTHROPODA,301295.71,AMPHIPODA,42350.09,GAMMARIDEA,30194.2,HAPLOOPS TUBICOLA,1.64
ARTHROPODA,301295.71,AMPHIPODA,42350.09,GAMMARIDEA,30194.2,HARPINIA PROPINQUA,0
ARTHROPODA,301295.71,AMPHIPODA,42350.09,GAMMARIDEA,30194.2,HARPINIA SP,0
ARTHROPODA,301295.71,AMPHIPODA,42350.09,GAMMARIDEA,30194.2,HAUSTORIIDAE,1.15
ARTHROPODA,301295.71,AMPHIPODA,42350.09,GAMMARIDEA,30194.2,HIPPOMEDON PROPINQUUS,0.19
ARTHROPODA,301295.71,AMPHIPODA,42350.09,GAMMARIDEA,30194.2,HIPPOMEDON SERRATUS,1.78
ARTHROPODA,301295.71,AMPHIPODA,42350.09,GAMMARIDEA,30194.2,HIPPOMEDON SP,0.09
ARTHROPODA,301295.71,AMPHIPODA,42350.09,GAMMARIDEA,30194.2,ISCHYROCERIDAE,0.01
ARTHROPODA,301295.71,AMPHIPODA,42350.09,GAMMARIDEA,30194.2,ISCHYROCERUS ANGUIPES,0.01
ARTHROPODA,301295.71,AMPHIPODA,42350.09,GAMMARIDEA,30194.2,ISCHYROCERUS SP,0.07
ARTHROPODA,301295.71,AMPHIPODA,42350.09,GAMMARIDEA,30194.2,JASSA FALCATA,0.01
ARTHROPODA,301295.71,AMPHIPODA,42350.09,GAMMARIDEA,30194.2,LEPTOCHEIRUS PINGUIS,229.28
ARTHROPODA,301295.71,AMPHIPODA,42350.09,GAMMARIDEA,30194.2,LEPTOCHEIRUS SP,0.1
ARTHROPODA,301295.71,AMPHIPODA,42350.09,GAMMARIDEA,30194.2,LEUCOTHOE SPINICARPA,0
ARTHROPODA,301295.71,AMPHIPODA,42350.09,GAMMARIDEA,30194.2,LYSIANASSIDAE,11.31
ARTHROPODA,301295.71,AMPHIPODA,42350.09,GAMMARIDEA,30194.2,LYSIANOPSIS ALBA,0.05
ARTHROPODA,301295.71,AMPHIPODA,42350.09,GAMMARIDEA,30194.2,MAERA DANAE,0.22
ARTHROPODA,301295.71,AMPHIPODA,42350.09,GAMMARIDEA,30194.2,MAERA LOVENI,0.26
ARTHROPODA,301295.71,AMPHIPODA,42350.09,GAMMARIDEA,30194.2,MAERA SP,0.04
ARTHROPODA,301295.71,AMPHIPODA,42350.09,GAMMARIDEA,30194.2,MELITA DENTATA,1.43
ARTHROPODA,301295.71,AMPHIPODA,42350.09,GAMMARIDEA,30194.2,MELITA NITIDA,0.01
ARTHROPODA,301295.71,AMPHIPODA,42350.09,GAMMARIDEA,30194.2,MELITA SP,0.05
ARTHROPODA,301295.71,AMPHIPODA,42350.09,GAMMARIDEA,30194.2,MELPHIDIPPA SP,0.02
ARTHROPODA,301295.71,AMPHIPODA,42350.09,GAMMARIDEA,30194.2,MELPHIDIPPIDAE,0
ARTHROPODA,301295.71,AMPHIPODA,42350.09,GAMMARIDEA,30194.2,MICRODEUTOPUS SP,0
ARTHROPODA,301295.71,AMPHIPODA,42350.09,GAMMARIDEA,30194.2,MONOCULODES EDWARDSI,34.5
ARTHROPODA,301295.71,AMPHIPODA,42350.09,GAMMARIDEA,30194.2,MONOCULODES INTERMEDIUS,1.36
ARTHROPODA,301295.71,AMPHIPODA,42350.09,GAMMARIDEA,30194.2,MONOCULODES SP,0.38
ARTHROPODA,301295.71,AMPHIPODA,42350.09,GAMMARIDEA,30194.2,OEDICEROTIDAE,21.12
ARTHROPODA,301295.71,AMPHIPODA,42350.09,GAMMARIDEA,30194.2,ORCHOMENELLA MINUTA,0.12
ARTHROPODA,301295.71,AMPHIPODA,42350.09,GAMMARIDEA,30194.2,ORCHOMENELLA PINGUIS,0.37
ARTHROPODA,301295.71,AMPHIPODA,42350.09,GAMMARIDEA,30194.2,ORCHOMENELLA SP,0.01
ARTHROPODA,301295.71,AMPHIPODA,42350.09,GAMMARIDEA,30194.2,PARAHAUSTORIUS ATTENUATUS,0.02
ARTHROPODA,301295.71,AMPHIPODA,42350.09,GAMMARIDEA,30194.2,PARAHAUSTORIUS SP,0.01
ARTHROPODA,301295.71,AMPHIPODA,42350.09,GAMMARIDEA,30194.2,PARAMPHITHOE SP,0.16
ARTHROPODA,301295.71,AMPHIPODA,42350.09,GAMMARIDEA,30194.2,PARDALISCIDAE,0.05
ARTHROPODA,301295.71,AMPHIPODA,42350.09,GAMMARIDEA,30194.2,PAROEDICEROS LYNCEUS,0.06
ARTHROPODA,301295.71,AMPHIPODA,42350.09,GAMMARIDEA,30194.2,PAROEDICEROS SP,0.02
ARTHROPODA,301295.71,AMPHIPODA,42350.09,GAMMARIDEA,30194.2,PHOTIDAE,0.01
ARTHROPODA,301295.71,AMPHIPODA,42350.09,GAMMARIDEA,30194.2,PHOTIS DENTATA,0
ARTHROPODA,301295.71,AMPHIPODA,42350.09,GAMMARIDEA,30194.2,PHOTIS SP,0.01
ARTHROPODA,301295.71,AMPHIPODA,42350.09,GAMMARIDEA,30194.2,PHOXOCEPHALIDAE,0.2
ARTHROPODA,301295.71,AMPHIPODA,42350.09,GAMMARIDEA,30194.2,PHOXOCEPHALUS HOLBOLLI,0.19
ARTHROPODA,301295.71,AMPHIPODA,42350.09,GAMMARIDEA,30194.2,PHOXOCEPHALUS SP,0
ARTHROPODA,301295.71,AMPHIPODA,42350.09,GAMMARIDEA,30194.2,PHROSINA SP,0.01
ARTHROPODA,301295.71,AMPHIPODA,42350.09,GAMMARIDEA,30194.2,PLEUSTES PANOPLUS,0.05
ARTHROPODA,301295.71,AMPHIPODA,42350.09,GAMMARIDEA,30194.2,PLEUSTIDAE,0
ARTHROPODA,301295.71,AMPHIPODA,42350.09,GAMMARIDEA,30194.2,PODOCERIDAE,0.34
ARTHROPODA,301295.71,AMPHIPODA,42350.09,GAMMARIDEA,30194.2,PODOCEROPSIS NITIDA,0
ARTHROPODA,301295.71,AMPHIPODA,42350.09,GAMMARIDEA,30194.2,PODOCEROPSIS SP,0.05
ARTHROPODA,301295.71,AMPHIPODA,42350.09,GAMMARIDEA,30194.2,PONTOGENEIA INERMIS,4.8
ARTHROPODA,301295.71,AMPHIPODA,42350.09,GAMMARIDEA,30194.2,PROTOHAUSTORIUS WIGLEYI,0.16
ARTHROPODA,301295.71,AMPHIPODA,42350.09,GAMMARIDEA,30194.2,PSAMMONYX NOBILIS,2.57
ARTHROPODA,301295.71,AMPHIPODA,42350.09,GAMMARIDEA,30194.2,PSEUDOHAUSTORIUS CAROLINIENSIS,0.06
ARTHROPODA,301295.71,AMPHIPODA,42350.09,GAMMARIDEA,30194.2,PSEUDUNCIOLA OBLIQUUA,0.04
ARTHROPODA,301295.71,AMPHIPODA,42350.09,GAMMARIDEA,30194.2,PSEUDUNCIOLA SP,0
ARTHROPODA,301295.71,AMPHIPODA,42350.09,GAMMARIDEA,30194.2,RHACHOTROPIS ACULEATA,0.56
ARTHROPODA,301295.71,AMPHIPODA,42350.09,GAMMARIDEA,30194.2,RHACHOTROPIS OCULATA,0.27
ARTHROPODA,301295.71,AMPHIPODA,42350.09,GAMMARIDEA,30194.2,RHACHOTROPIS SP,0.27
ARTHROPODA,301295.71,AMPHIPODA,42350.09,GAMMARIDEA,30194.2,RHEPOXYNIUS EPISTOMUS,0.35
ARTHROPODA,301295.71,AMPHIPODA,42350.09,GAMMARIDEA,30194.2,RHEPOXYNIUS SP,0.14
ARTHROPODA,301295.71,AMPHIPODA,42350.09,GAMMARIDEA,30194.2,STEGOCEPHALUS INFLATUS,0.58
ARTHROPODA,301295.71,AMPHIPODA,42350.09,GAMMARIDEA,30194.2,STENOPLEUSTES GRACILIS,0.04
ARTHROPODA,301295.71,AMPHIPODA,42350.09,GAMMARIDEA,30194.2,STENOPLEUSTES INERMIS,0.03
ARTHROPODA,301295.71,AMPHIPODA,42350.09,GAMMARIDEA,30194.2,STENOPLEUSTES SP,0
ARTHROPODA,301295.71,AMPHIPODA,42350.09,GAMMARIDEA,30194.2,STENOTHOIDAE,0
ARTHROPODA,301295.71,AMPHIPODA,42350.09,GAMMARIDEA,30194.2,SYNCHELIDIUM AMERICANUM,3.27
ARTHROPODA,301295.71,AMPHIPODA,42350.09,GAMMARIDEA,30194.2,SYNCHELIDIUM SP,0.04
ARTHROPODA,301295.71,AMPHIPODA,42350.09,GAMMARIDEA,30194.2,SYRRHOE CRENULATA,0.08
ARTHROPODA,301295.71,AMPHIPODA,42350.09,GAMMARIDEA,30194.2,SYRRHOE SP,0.01
ARTHROPODA,301295.71,AMPHIPODA,42350.09,GAMMARIDEA,30194.2,TIRON SPINIFERUM,0.04
ARTHROPODA,301295.71,AMPHIPODA,42350.09,GAMMARIDEA,30194.2,TIRONIDAE,0.09
ARTHROPODA,301295.71,AMPHIPODA,42350.09,GAMMARIDEA,30194.2,UNCIOLA DISSIMILIS,0.16
ARTHROPODA,301295.71,AMPHIPODA,42350.09,GAMMARIDEA,30194.2,UNCIOLA INERMIS,16.59
ARTHROPODA,301295.71,AMPHIPODA,42350.09,GAMMARIDEA,30194.2,UNCIOLA IRRORATA,282.72
ARTHROPODA,301295.71,AMPHIPODA,42350.09,GAMMARIDEA,30194.2,UNCIOLA SERRATA,0.44
ARTHROPODA,301295.71,AMPHIPODA,42350.09,GAMMARIDEA,30194.2,UNCIOLA SP,15.07
ARTHROPODA,301295.71,AMPHIPODA,42350.09,GAMMARIDEA,30194.2,WESTWOODILLA SP,0.02
ARTHROPODA,301295.71,AMPHIPODA,42350.09,HYPERIIDAE,1893.15,HYPERIA GALBA,1.92
ARTHROPODA,301295.71,AMPHIPODA,42350.09,HYPERIIDAE,1893.15,HYPERIA MEDUSARUM,0.2
ARTHROPODA,301295.71,AMPHIPODA,42350.09,HYPERIIDAE,1893.15,HYPERIA SP,0.83
ARTHROPODA,301295.71,AMPHIPODA,42350.09,HYPERIIDAE,1893.15,HYPERIIDAE,1776.8
ARTHROPODA,301295.71,AMPHIPODA,42350.09,HYPERIIDAE,1893.15,HYPEROCHE MEDUSARUM,0.22
ARTHROPODA,301295.71,AMPHIPODA,42350.09,HYPERIIDAE,1893.15,PARATHEMISTO GRACILIPES,2.1
ARTHROPODA,301295.71,AMPHIPODA,42350.09,HYPERIIDAE,1893.15,PARATHEMISTO SP,87.45
ARTHROPODA,301295.71,AMPHIPODA,42350.09,HYPERIIDAE,1893.15,PHRONIMA SEDENTARIA,0
ARTHROPODA,301295.71,AMPHIPODA,42350.09,HYPERIIDAE,1893.15,PHRONIMA SP,10.27
ARTHROPODA,301295.71,AMPHIPODA,42350.09,HYPERIIDAE,1893.15,THEMISTO GAUDICHAUDII,13.36
ARTHROPODA,301295.71,ARTHROPODA,121.92,ARTHROPODA,105.6,ARTHROPODA,105.6
ARTHROPODA,301295.71,ARTHROPODA,121.92,LIMULUS POLYPHEMUS,16.28,LIMULUS POLYPHEMUS,16.28
ARTHROPODA,301295.71,ARTHROPODA,121.92,OSTRACODA,0.04,OSTRACODA,0.04
ARTHROPODA,301295.71,CIRRIPEDIA,21.23,CIRRIPEDIA,21.23,BALANUS SP,0.83
ARTHROPODA,301295.71,CIRRIPEDIA,21.23,CIRRIPEDIA,21.23,CIRRIPEDIA,20.4
ARTHROPODA,301295.71,CIRRIPEDIA,21.23,CIRRIPEDIA,21.23,CIRRIPEDIA LARVAE,0
ARTHROPODA,301295.71,COPEPODA,442.45,COPEPODA,442.45,CALANOIDA,1.53
ARTHROPODA,301295.71,COPEPODA,442.45,COPEPODA,442.45,CALANUS FINMARCHICUS,0.16
ARTHROPODA,301295.71,COPEPODA,442.45,COPEPODA,442.45,CALIGUS SP,0.11
ARTHROPODA,301295.71,COPEPODA,442.45,COPEPODA,442.45,CANDACIA ARMATA,0
ARTHROPODA,301295.71,COPEPODA,442.45,COPEPODA,442.45,CANDACIA SP,0
ARTHROPODA,301295.71,COPEPODA,442.45,COPEPODA,442.45,CENTROPAGES SP,0.09
ARTHROPODA,301295.71,COPEPODA,442.45,COPEPODA,442.45,CENTROPAGES TYPICUS,0
ARTHROPODA,301295.71,COPEPODA,442.45,COPEPODA,442.45,COPEPODA,440.42
ARTHROPODA,301295.71,COPEPODA,442.45,COPEPODA,442.45,CYCLOPIDAE,0
ARTHROPODA,301295.71,COPEPODA,442.45,COPEPODA,442.45,CYCLOPOIDA,0
ARTHROPODA,301295.71,COPEPODA,442.45,COPEPODA,442.45,HARPACTICIDAE,0.06
ARTHROPODA,301295.71,COPEPODA,442.45,COPEPODA,442.45,HARPACTICOIDA,0.08
ARTHROPODA,301295.71,COPEPODA,442.45,COPEPODA,442.45,RHINCALANUS CORNUTUS,0
ARTHROPODA,301295.71,CRUSTACEA,48640.8,CRUSTACEA,3087.53,CRUSTACEA,3087.53
ARTHROPODA,301295.71,CRUSTACEA,48640.8,CRUSTACEAN EGGS,0.09,CRUSTACEA EGGS,0.09
ARTHROPODA,301295.71,CRUSTACEA,48640.8,CRUSTACEAN LARVAE,14.67,CRUSTACEA LARVAE,14.67
ARTHROPODA,301295.71,CRUSTACEA,48640.8,CRUSTACEAN SHRIMP,45538.51,CRUSTACEA SHRIMP,45537.18
ARTHROPODA,301295.71,CRUSTACEA,48640.8,CRUSTACEAN SHRIMP,45538.51,CRUSTACEA SHRIMP LARVAE,1.33
ARTHROPODA,301295.71,CUMACEA,290.02,CUMACEA,290.02,CUMACEA,285.6
ARTHROPODA,301295.71,CUMACEA,290.02,CUMACEA,290.02,CYCLASPIS VARIANS,0.2
ARTHROPODA,301295.71,CUMACEA,290.02,CUMACEA,290.02,DIASTYLIDAE,0.7
ARTHROPODA,301295.71,CUMACEA,290.02,CUMACEA,290.02,DIASTYLIS POLITA,0.13
ARTHROPODA,301295.71,CUMACEA,290.02,CUMACEA,290.02,DIASTYLIS QUADRISPINOSA,0.62
ARTHROPODA,301295.71,CUMACEA,290.02,CUMACEA,290.02,DIASTYLIS SCULPTA,1.08
ARTHROPODA,301295.71,CUMACEA,290.02,CUMACEA,290.02,DIASTYLIS SP,1
ARTHROPODA,301295.71,CUMACEA,290.02,CUMACEA,290.02,EUDORELLA EMARGINATA,0.01
ARTHROPODA,301295.71,CUMACEA,290.02,CUMACEA,290.02,EUDORELLA SP,0.03
ARTHROPODA,301295.71,CUMACEA,290.02,CUMACEA,290.02,LAMPROPIDAE,0.04
ARTHROPODA,301295.71,CUMACEA,290.02,CUMACEA,290.02,LAMPROPS QUADRIPLICATA,0
ARTHROPODA,301295.71,CUMACEA,290.02,CUMACEA,290.02,LAMPROPS SP,0.04
ARTHROPODA,301295.71,CUMACEA,290.02,CUMACEA,290.02,LEPTOCUMA SP,0.12
ARTHROPODA,301295.71,CUMACEA,290.02,CUMACEA,290.02,LEUCON AMERICANUS,0.02
ARTHROPODA,301295.71,CUMACEA,290.02,CUMACEA,290.02,PETALOSARSIA DECLIVIS,0.01
ARTHROPODA,301295.71,CUMACEA,290.02,CUMACEA,290.02,PSEUDOCUMIDAE,0
ARTHROPODA,301295.71,CUMACEA,290.02,CUMACEA,290.02,PSEUDOLEPTOCUMA MINOR,0.42
ARTHROPODA,301295.71,DECAPODA,141319.72,CALLINECTES SAPIDUS,3.03,CALLINECTES SAPIDUS,3.03
ARTHROPODA,301295.71,DECAPODA,141319.72,CANCRIDAE,28525.5,CANCER BOREALIS,4062.01
ARTHROPODA,301295.71,DECAPODA,141319.72,CANCRIDAE,28525.5,CANCER IRRORATUS,11586.43
ARTHROPODA,301295.71,DECAPODA,141319.72,CANCRIDAE,28525.5,CANCER SP,9139.88
ARTHROPODA,301295.71,DECAPODA,141319.72,CANCRIDAE,28525.5,CANCRIDAE,3737.18
ARTHROPODA,301295.71,DECAPODA,141319.72,CRANGONIDAE,15234.28,CRANGON SEPTEMSPINOSA,4303.39
ARTHROPODA,301295.71,DECAPODA,141319.72,CRANGONIDAE,15234.28,CRANGONIDAE,10912.59
ARTHROPODA,301295.71,DECAPODA,141319.72,CRANGONIDAE,15234.28,PONTOPHILUS BREVIROSTRIS,0.07
ARTHROPODA,301295.71,DECAPODA,141319.72,CRANGONIDAE,15234.28,PONTOPHILUS NORVEGICUS,5.23
ARTHROPODA,301295.71,DECAPODA,141319.72,CRANGONIDAE,15234.28,PONTOPHILUS SP,12.08
ARTHROPODA,301295.71,DECAPODA,141319.72,CRANGONIDAE,15234.28,SABINEA SEPTEMCARINATA,0.59
ARTHROPODA,301295.71,DECAPODA,141319.72,CRANGONIDAE,15234.28,SABINEA SP,0.09
ARTHROPODA,301295.71,DECAPODA,141319.72,CRANGONIDAE,15234.28,SCLEROCRANGON BOREAS,0.24
ARTHROPODA,301295.71,DECAPODA,141319.72,DECAPODA,920.51,DECAPODA,920.18
ARTHROPODA,301295.71,DECAPODA,141319.72,DECAPODA,920.51,DECAPODA EGGS,0.33
ARTHROPODA,301295.71,DECAPODA,141319.72,DECAPODA CRAB,30693.23,ACANTHOCARPUS ALEXANDRI,12.1
ARTHROPODA,301295.71,DECAPODA,141319.72,DECAPODA CRAB,30693.23,BATHYNECTES LONGISPINA,6.6
ARTHROPODA,301295.71,DECAPODA,141319.72,DECAPODA CRAB,30693.23,CALAPPIDAE,6.05
ARTHROPODA,301295.71,DECAPODA,141319.72,DECAPODA CRAB,30693.23,CARCINUS MAENAS,0.86
ARTHROPODA,301295.71,DECAPODA,141319.72,DECAPODA CRAB,30693.23,CHIONOECETES OPILIO,48.13
ARTHROPODA,301295.71,DECAPODA,141319.72,DECAPODA CRAB,30693.23,DECAPODA CRAB,21406.77
ARTHROPODA,301295.71,DECAPODA,141319.72,DECAPODA CRAB,30693.23,DIOGENIDAE,2.2
ARTHROPODA,301295.71,DECAPODA,141319.72,DECAPODA CRAB,30693.23,EMERITA TALPOIDA,92.98
ARTHROPODA,301295.71,DECAPODA,141319.72,DECAPODA CRAB,30693.23,EUCERAMUS PRAELONGUS,45.92
ARTHROPODA,301295.71,DECAPODA,141319.72,DECAPODA CRAB,30693.23,GALATHEIDAE,598.37
ARTHROPODA,301295.71,DECAPODA,141319.72,DECAPODA CRAB,30693.23,GERYON QUINQUEDENS,204.6
ARTHROPODA,301295.71,DECAPODA,141319.72,DECAPODA CRAB,30693.23,GERYON SP,322.55
ARTHROPODA,301295.71,DECAPODA,141319.72,DECAPODA CRAB,30693.23,HEPATUS EPHELITICUS,1.1
ARTHROPODA,301295.71,DECAPODA,141319.72,DECAPODA CRAB,30693.23,HIPPIDAE,6.6
ARTHROPODA,301295.71,DECAPODA,141319.72,DECAPODA CRAB,30693.23,HIPPOIDEA,188.79
ARTHROPODA,301295.71,DECAPODA,141319.72,DECAPODA CRAB,30693.23,HYAS COARCTATUS,23.52
ARTHROPODA,301295.71,DECAPODA,141319.72,DECAPODA CRAB,30693.23,HYAS SP,67.84
ARTHROPODA,301295.71,DECAPODA,141319.72,DECAPODA CRAB,30693.23,LEUCOSIIDAE,3.52
ARTHROPODA,301295.71,DECAPODA,141319.72,DECAPODA CRAB,30693.23,LIBINIA SP,1.1
ARTHROPODA,301295.71,DECAPODA,141319.72,DECAPODA CRAB,30693.23,LITHODES MAJA,85.31
ARTHROPODA,301295.71,DECAPODA,141319.72,DECAPODA CRAB,30693.23,LITHODIDAE,138.87
ARTHROPODA,301295.71,DECAPODA,141319.72,DECAPODA CRAB,30693.23,MAJIDAE,243.48
ARTHROPODA,301295.71,DECAPODA,141319.72,DECAPODA CRAB,30693.23,MUNIDA IRIS,1.97
ARTHROPODA,301295.71,DECAPODA,141319.72,DECAPODA CRAB,30693.23,MUNIDA SP,28.1
ARTHROPODA,301295.71,DECAPODA,141319.72,DECAPODA CRAB,30693.23,MUNIDOPSIS SP,4.07
ARTHROPODA,301295.71,DECAPODA,141319.72,DECAPODA CRAB,30693.23,OVALIPES OCELLATUS,1508.69
ARTHROPODA,301295.71,DECAPODA,141319.72,DECAPODA CRAB,30693.23,OVALIPES SP,139.33
ARTHROPODA,301295.71,DECAPODA,141319.72,DECAPODA CRAB,30693.23,OVALIPES STEPHENSONI,194.95
ARTHROPODA,301295.71,DECAPODA,141319.72,DECAPODA CRAB,30693.23,PAGUROIDEA,4777.49
ARTHROPODA,301295.71,DECAPODA,141319.72,DECAPODA CRAB,30693.23,PANOPEUS HERBSTII,0.35
ARTHROPODA,301295.71,DECAPODA,141319.72,DECAPODA CRAB,30693.23,PARTHENOPIDAE,4.24
ARTHROPODA,301295.71,DECAPODA,141319.72,DECAPODA CRAB,30693.23,PINNIXA SP,8.7
ARTHROPODA,301295.71,DECAPODA,141319.72,DECAPODA CRAB,30693.23,PORTUNIDAE,451.07
ARTHROPODA,301295.71,DECAPODA,141319.72,DECAPODA CRAB,30693.23,PORTUNUS SP,0.58
ARTHROPODA,301295.71,DECAPODA,141319.72,DECAPODA CRAB,30693.23,XANTHIDAE,66.43
ARTHROPODA,301295.71,DECAPODA,141319.72,DECAPODA LARVAE,6.34,AXIUS SP LARVAE,0.19
ARTHROPODA,301295.71,DECAPODA,141319.72,DECAPODA LARVAE,6.34,DECAPODA CRAB LARVAE,0.02
ARTHROPODA,301295.71,DECAPODA,141319.72,DECAPODA LARVAE,6.34,DECAPODA CRAB MEGALOPA,2.92
ARTHROPODA,301295.71,DECAPODA,141319.72,DECAPODA LARVAE,6.34,DECAPODA CRAB ZOEA,0.21
ARTHROPODA,301295.71,DECAPODA,141319.72,DECAPODA LARVAE,6.34,DECAPODA LARVAE,0.59
ARTHROPODA,301295.71,DECAPODA,141319.72,DECAPODA LARVAE,6.34,PALINURA LARVAE,2.41
ARTHROPODA,301295.71,DECAPODA,141319.72,DECAPODA SHRIMP,23407.89,ACETES AMERICANUS,0.63
ARTHROPODA,301295.71,DECAPODA,141319.72,DECAPODA SHRIMP,23407.89,AXIIDAE,179.72
ARTHROPODA,301295.71,DECAPODA,141319.72,DECAPODA SHRIMP,23407.89,AXIUS SERRATUS,167.9
ARTHROPODA,301295.71,DECAPODA,141319.72,DECAPODA SHRIMP,23407.89,AXIUS SP,24.21
ARTHROPODA,301295.71,DECAPODA,141319.72,DECAPODA SHRIMP,23407.89,CALLIANASSIDAE,0.11
ARTHROPODA,301295.71,DECAPODA,141319.72,DECAPODA SHRIMP,23407.89,CALOCARIS SP,81.62
ARTHROPODA,301295.71,DECAPODA,141319.72,DECAPODA SHRIMP,23407.89,CALOCARIS TEMPLEMANNI,3.6
ARTHROPODA,301295.71,DECAPODA,141319.72,DECAPODA SHRIMP,23407.89,CARIDION GORDONI,1.79
ARTHROPODA,301295.71,DECAPODA,141319.72,DECAPODA SHRIMP,23407.89,CARIDION SP,0.18
ARTHROPODA,301295.71,DECAPODA,141319.72,DECAPODA SHRIMP,23407.89,DECAPODA SHRIMP,5671.04
ARTHROPODA,301295.71,DECAPODA,141319.72,DECAPODA SHRIMP,23407.89,EUALUS GAIMARDII,0.59
ARTHROPODA,301295.71,DECAPODA,141319.72,DECAPODA SHRIMP,23407.89,EUALUS PUSIOLUS,14.04
ARTHROPODA,301295.71,DECAPODA,141319.72,DECAPODA SHRIMP,23407.89,EUALUS SP,0.82
ARTHROPODA,301295.71,DECAPODA,141319.72,DECAPODA SHRIMP,23407.89,HIPPOLYTE SP,0.28
ARTHROPODA,301295.71,DECAPODA,141319.72,DECAPODA SHRIMP,23407.89,HIPPOLYTIDAE,16.2
ARTHROPODA,301295.71,DECAPODA,141319.72,DECAPODA SHRIMP,23407.89,LEANDER TENUICORNIS,2.82
ARTHROPODA,301295.71,DECAPODA,141319.72,DECAPODA SHRIMP,23407.89,LEBBEUS GROENLANDICUS,0.63
ARTHROPODA,301295.71,DECAPODA,141319.72,DECAPODA SHRIMP,23407.89,LEBBEUS POLARIS,2.87
ARTHROPODA,301295.71,DECAPODA,141319.72,DECAPODA SHRIMP,23407.89,LEBBEUS SP,11.08
ARTHROPODA,301295.71,DECAPODA,141319.72,DECAPODA SHRIMP,23407.89,NAUSHONIA CRANGONOIDES,5.26
ARTHROPODA,301295.71,DECAPODA,141319.72,DECAPODA SHRIMP,23407.89,PALAEMONETES SP,0.13
ARTHROPODA,301295.71,DECAPODA,141319.72,DECAPODA SHRIMP,23407.89,PALAEMONETES VULGARIS,1.47
ARTHROPODA,301295.71,DECAPODA,141319.72,DECAPODA SHRIMP,23407.89,PALAEMONIDAE,4.6
ARTHROPODA,301295.71,DECAPODA,141319.72,DECAPODA SHRIMP,23407.89,PASIPHAEA MULTIDENTATA,2306.68
ARTHROPODA,301295.71,DECAPODA,141319.72,DECAPODA SHRIMP,23407.89,PASIPHAEA SP,799.18
ARTHROPODA,301295.71,DECAPODA,141319.72,DECAPODA SHRIMP,23407.89,PASIPHAEA TARDA,19.99
ARTHROPODA,301295.71,DECAPODA,141319.72,DECAPODA SHRIMP,23407.89,PASIPHAEIDAE,12405.08
ARTHROPODA,301295.71,DECAPODA,141319.72,DECAPODA SHRIMP,23407.89,SERGESTIDAE,22.02
ARTHROPODA,301295.71,DECAPODA,141319.72,DECAPODA SHRIMP,23407.89,SICYONIA SP,59.91
ARTHROPODA,301295.71,DECAPODA,141319.72,DECAPODA SHRIMP,23407.89,SPIRONTOCARIS LILJEBORGII,0.35
ARTHROPODA,301295.71,DECAPODA,141319.72,DECAPODA SHRIMP,23407.89,SPIRONTOCARIS PHIPPSII,0.03
ARTHROPODA,301295.71,DECAPODA,141319.72,DECAPODA SHRIMP,23407.89,SPIRONTOCARIS SP,5.03
ARTHROPODA,301295.71,DECAPODA,141319.72,DECAPODA SHRIMP,23407.89,SPIRONTOCARIS SPINUS,0.9
ARTHROPODA,301295.71,DECAPODA,141319.72,DECAPODA SHRIMP,23407.89,THALASSINOIDEA,1590.76
ARTHROPODA,301295.71,DECAPODA,141319.72,DECAPODA SHRIMP,23407.89,UPOGEBIA AFFINIS,4.39
ARTHROPODA,301295.71,DECAPODA,141319.72,DECAPODA SHRIMP,23407.89,UPOGEBIA SP,1.98
ARTHROPODA,301295.71,DECAPODA,141319.72,HOMARUS AMERICANUS,2329.82,HOMARUS AMERICANUS,2329.27
ARTHROPODA,301295.71,DECAPODA,141319.72,HOMARUS AMERICANUS,2329.82,HOMARUS AMERICANUS LARVAE,0.55
ARTHROPODA,301295.71,DECAPODA,141319.72,PAGUROIDEA,1832.3,CATAPAGURUS SP,0.04
ARTHROPODA,301295.71,DECAPODA,141319.72,PAGUROIDEA,1832.3,PAGURIDAE,1372.37
ARTHROPODA,301295.71,DECAPODA,141319.72,PAGUROIDEA,1832.3,PAGURUS ACADIANUS,209.79
ARTHROPODA,301295.71,DECAPODA,141319.72,PAGUROIDEA,1832.3,PAGURUS ANNULIPES,2.43
ARTHROPODA,301295.71,DECAPODA,141319.72,PAGUROIDEA,1832.3,PAGURUS ARCUATUS,10.26
ARTHROPODA,301295.71,DECAPODA,141319.72,PAGUROIDEA,1832.3,PAGURUS LONGICARPUS,7.36
ARTHROPODA,301295.71,DECAPODA,141319.72,PAGUROIDEA,1832.3,PAGURUS POLITUS,0.88
ARTHROPODA,301295.71,DECAPODA,141319.72,PAGUROIDEA,1832.3,PAGURUS POLLICARIS,19.47
ARTHROPODA,301295.71,DECAPODA,141319.72,PAGUROIDEA,1832.3,PAGURUS PUBESCENS,19.08
ARTHROPODA,301295.71,DECAPODA,141319.72,PAGUROIDEA,1832.3,PAGURUS SP,190.62
ARTHROPODA,301295.71,DECAPODA,141319.72,PANDALIDAE,38028.66,DICHELOPANDALUS LEPTOCERUS,1570.1
ARTHROPODA,301295.71,DECAPODA,141319.72,PANDALIDAE,38028.66,PANDALIDAE,33851.13
ARTHROPODA,301295.71,DECAPODA,141319.72,PANDALIDAE,38028.66,PANDALUS BOREALIS,2208.35
ARTHROPODA,301295.71,DECAPODA,141319.72,PANDALIDAE,38028.66,PANDALUS MONTAGUI,99.37
ARTHROPODA,301295.71,DECAPODA,141319.72,PANDALIDAE,38028.66,PANDALUS PROPINQUUS,32.83
ARTHROPODA,301295.71,DECAPODA,141319.72,PANDALIDAE,38028.66,PANDALUS SP,266.88
ARTHROPODA,301295.71,DECAPODA,141319.72,PENAEIDAE,334.05,PARAPENAEUS POLITUS,0.49
ARTHROPODA,301295.71,DECAPODA,141319.72,PENAEIDAE,334.05,PENAEIDAE,263.54
ARTHROPODA,301295.71,DECAPODA,141319.72,PENAEIDAE,334.05,PENAEIDAE LARVAE,0.47
ARTHROPODA,301295.71,DECAPODA,141319.72,PENAEIDAE,334.05,PENAEUS AZTECUS,33.67
ARTHROPODA,301295.71,DECAPODA,141319.72,PENAEIDAE,334.05,PENAEUS SP,35.88
ARTHROPODA,301295.71,DECAPODA,141319.72,SCYLLARIDAE,4.11,SCYLLARIDAE,4.11
ARTHROPODA,301295.71,EUPHAUSIACEA,57775.95,EUPHAUSIACEA,57775.95,EUPHAUSIA KROHNI,0.11
ARTHROPODA,301295.71,EUPHAUSIACEA,57775.95,EUPHAUSIACEA,57775.95,EUPHAUSIA SP,187.27
ARTHROPODA,301295.71,EUPHAUSIACEA,57775.95,EUPHAUSIACEA,57775.95,EUPHAUSIIDAE,53695.33
ARTHROPODA,301295.71,EUPHAUSIACEA,57775.95,EUPHAUSIACEA,57775.95,EUPHAUSIIDAE LARVAE,2.61
ARTHROPODA,301295.71,EUPHAUSIACEA,57775.95,EUPHAUSIACEA,57775.95,MEGANYCTIPHANES NORVEGICA,3833.7
ARTHROPODA,301295.71,EUPHAUSIACEA,57775.95,EUPHAUSIACEA,57775.95,NYCTIPHANES COUCHI,11.57
ARTHROPODA,301295.71,EUPHAUSIACEA,57775.95,EUPHAUSIACEA,57775.95,STYLOCHEIRON SP,0.1
ARTHROPODA,301295.71,EUPHAUSIACEA,57775.95,EUPHAUSIACEA,57775.95,THYSANOESSA INERMIS,41.89
ARTHROPODA,301295.71,EUPHAUSIACEA,57775.95,EUPHAUSIACEA,57775.95,THYSANOESSA LONGICAUDATA,1.33
ARTHROPODA,301295.71,EUPHAUSIACEA,57775.95,EUPHAUSIACEA,57775.95,THYSANOESSA RASCHII,1.53
ARTHROPODA,301295.71,EUPHAUSIACEA,57775.95,EUPHAUSIACEA,57775.95,THYSANOESSA SP,0.51
ARTHROPODA,301295.71,INSECTA,0.17,INSECTA,0.17,INSECTA,0.17
ARTHROPODA,301295.71,ISOPODA,4035.12,ISOPODA,4035.12,AEGA PSORA,0.4
ARTHROPODA,301295.71,ISOPODA,4035.12,ISOPODA,4035.12,ANTHURIDAE,0.61
ARTHROPODA,301295.71,ISOPODA,4035.12,ISOPODA,4035.12,CALATHURA BRANCHIATA,0.1
ARTHROPODA,301295.71,ISOPODA,4035.12,ISOPODA,4035.12,CHIRIDOTEA ALMYRA,0.01
ARTHROPODA,301295.71,ISOPODA,4035.12,ISOPODA,4035.12,CHIRIDOTEA ARENICOLA,0.16
ARTHROPODA,301295.71,ISOPODA,4035.12,ISOPODA,4035.12,CHIRIDOTEA SP,2.8
ARTHROPODA,301295.71,ISOPODA,4035.12,ISOPODA,4035.12,CHIRIDOTEA TUFTSI,0.75
ARTHROPODA,301295.71,ISOPODA,4035.12,ISOPODA,4035.12,CIROLANA BOREALIS,0.06
ARTHROPODA,301295.71,ISOPODA,4035.12,ISOPODA,4035.12,CIROLANIDAE,103.15
ARTHROPODA,301295.71,ISOPODA,4035.12,ISOPODA,4035.12,EDOTEA SP,0.68
ARTHROPODA,301295.71,ISOPODA,4035.12,ISOPODA,4035.12,EDOTEA TRILOBA,0.45
ARTHROPODA,301295.71,ISOPODA,4035.12,ISOPODA,4035.12,IDOTEA SP,0
ARTHROPODA,301295.71,ISOPODA,4035.12,ISOPODA,4035.12,IDOTEIDAE,0.47
ARTHROPODA,301295.71,ISOPODA,4035.12,ISOPODA,4035.12,ISOPODA,3873.94
ARTHROPODA,301295.71,ISOPODA,4035.12,ISOPODA,4035.12,JAERA MARINA,0
ARTHROPODA,301295.71,ISOPODA,4035.12,ISOPODA,4035.12,JAERA SP,0.01
ARTHROPODA,301295.71,ISOPODA,4035.12,ISOPODA,4035.12,JANIRA ALTA,0.09
ARTHROPODA,301295.71,ISOPODA,4035.12,ISOPODA,4035.12,JANIRA SP,0.03
ARTHROPODA,301295.71,ISOPODA,4035.12,ISOPODA,4035.12,JANIRIDAE,0.02
ARTHROPODA,301295.71,ISOPODA,4035.12,ISOPODA,4035.12,LIGIA SP,0
ARTHROPODA,301295.71,ISOPODA,4035.12,ISOPODA,4035.12,MUNNA SP,0.01
ARTHROPODA,301295.71,ISOPODA,4035.12,ISOPODA,4035.12,MUNNOPSIDAE,0.02
ARTHROPODA,301295.71,ISOPODA,4035.12,ISOPODA,4035.12,MUNNOPSIS TYPICA,0.04
ARTHROPODA,301295.71,ISOPODA,4035.12,ISOPODA,4035.12,POLITOLANA CONCHARUM,0.02
ARTHROPODA,301295.71,ISOPODA,4035.12,ISOPODA,4035.12,POLITOLANA POLITA,51.14
ARTHROPODA,301295.71,ISOPODA,4035.12,ISOPODA,4035.12,PTILANTHURA TENUIS,0.11
ARTHROPODA,301295.71,ISOPODA,4035.12,ISOPODA,4035.12,SYNIDOTEA SP,0.05
ARTHROPODA,301295.71,MYSIDACEA,4321.46,MYSIDACEA,4321.46,AMBLYOPS ABBREVIATA,0.03
ARTHROPODA,301295.71,MYSIDACEA,4321.46,MYSIDACEA,4321.46,ERYTHROPS ERYTHROPHTHALMA,0.89
ARTHROPODA,301295.71,MYSIDACEA,4321.46,MYSIDACEA,4321.46,MYSIDACEA,4061.83
ARTHROPODA,301295.71,MYSIDACEA,4321.46,MYSIDACEA,4321.46,MYSIDAE,161.34
ARTHROPODA,301295.71,MYSIDACEA,4321.46,MYSIDACEA,4321.46,MYSIDOPSIS BIGELOWI,0.16
ARTHROPODA,301295.71,MYSIDACEA,4321.46,MYSIDACEA,4321.46,MYSIS MIXTA,4.66
ARTHROPODA,301295.71,MYSIDACEA,4321.46,MYSIDACEA,4321.46,MYSIS SP,0.18
ARTHROPODA,301295.71,MYSIDACEA,4321.46,MYSIDACEA,4321.46,NEOMYSIS AMERICANA,92.31
ARTHROPODA,301295.71,MYSIDACEA,4321.46,MYSIDACEA,4321.46,PSEUDOMMA AFFINE,0.06
ARTHROPODA,301295.71,PYCNOGONIDA,47.9,PYCNOGONIDA,47.9,NYMPHON SP,0.09
ARTHROPODA,301295.71,PYCNOGONIDA,47.9,PYCNOGONIDA,47.9,PYCNOGONIDA,47.12
ARTHROPODA,301295.71,PYCNOGONIDA,47.9,PYCNOGONIDA,47.9,PYCNOGONIDAE,0.44
ARTHROPODA,301295.71,PYCNOGONIDA,47.9,PYCNOGONIDA,47.9,PYCNOGONUM LITTORALE,0.25
ARTHROPODA,301295.71,STOMATOPODA,1928.88,STOMATOPODA,1928.88,PLATYSQUILLA ENODIS,0.88
ARTHROPODA,301295.71,STOMATOPODA,1928.88,STOMATOPODA,1928.88,SQUILLA EMPUSA,5.41
ARTHROPODA,301295.71,STOMATOPODA,1928.88,STOMATOPODA,1928.88,STOMATOPODA,1922.05
ARTHROPODA,301295.71,STOMATOPODA,1928.88,STOMATOPODA,1928.88,STOMATOPODA LARVAE,0.54
ARTHROPODA,301295.71,STOMATOPODA,1928.88,STOMATOPODA,1928.88,TANAIDAE,0
BRACHIOPODA,10.55,BRACHIOPODA,10.55,BRACHIOPODA,10.55,BRACHIOPODA,10.55
BRYOZOA,103.19,BRYOZOA,103.19,BRYOZOA,103.19,BRYOZOA,103.19
CHAETOGNATHA,59.53,CHAETOGNATHA,59.53,CHAETOGNATHA,59.53,CHAETOGNATHA,58.58
CHAETOGNATHA,59.53,CHAETOGNATHA,59.53,CHAETOGNATHA,59.53,SAGITTA ELEGANS,0.85
CHAETOGNATHA,59.53,CHAETOGNATHA,59.53,CHAETOGNATHA,59.53,SAGITTA SP,0.1
CHORDATA,10.69,CEPHALOCHORDATA,4.09,CEPHALOCHORDATA,4.09,BRANCHIOSTOMA SP,4.09
CHORDATA,10.69,HEMICHORDATA,6.6,HEMICHORDATA,6.6,HEMICHORDATA,6.6
CNIDARIA,9407.3,CNIDARIA,9407.3,ANTHOZOA,6370.77,ACTINIARIA,4897.34
CNIDARIA,9407.3,CNIDARIA,9407.3,ANTHOZOA,6370.77,ANEMONIA SARGASSENSIS,17.49
CNIDARIA,9407.3,CNIDARIA,9407.3,ANTHOZOA,6370.77,ANTHOZOA,953.92
CNIDARIA,9407.3,CNIDARIA,9407.3,ANTHOZOA,6370.77,CERIANTHIDAE,406
CNIDARIA,9407.3,CNIDARIA,9407.3,ANTHOZOA,6370.77,CERIANTHIDAE TUBES,42.78
CNIDARIA,9407.3,CNIDARIA,9407.3,ANTHOZOA,6370.77,CERIANTHUS BOREALIS,28.11
CNIDARIA,9407.3,CNIDARIA,9407.3,ANTHOZOA,6370.77,METRIDIUM SENILE,20.25
CNIDARIA,9407.3,CNIDARIA,9407.3,ANTHOZOA,6370.77,PENNATULA ACULEATA,4.88
CNIDARIA,9407.3,CNIDARIA,9407.3,CNIDARIA,299.28,CNIDARIA,299.28
CNIDARIA,9407.3,CNIDARIA,9407.3,HYDROZOA,274.36,CORYMORPHA SP,0.02
CNIDARIA,9407.3,CNIDARIA,9407.3,HYDROZOA,274.36,HYDROZOA,135.02
CNIDARIA,9407.3,CNIDARIA,9407.3,HYDROZOA,274.36,LEPTOMEDUSAE,5.38
CNIDARIA,9407.3,CNIDARIA,9407.3,HYDROZOA,274.36,SERTULARIA SP,0
CNIDARIA,9407.3,CNIDARIA,9407.3,HYDROZOA,274.36,SERTULARIIDAE,0
CNIDARIA,9407.3,CNIDARIA,9407.3,HYDROZOA,274.36,SIPHONOPHORA,133.83
CNIDARIA,9407.3,CNIDARIA,9407.3,HYDROZOA,274.36,THUIARIA THUJA,0
CNIDARIA,9407.3,CNIDARIA,9407.3,HYDROZOA,274.36,TUBULARIA SP,0.11
CNIDARIA,9407.3,CNIDARIA,9407.3,SCYPHOZOA,2462.89,AURELIA AURITA,3.3
CNIDARIA,9407.3,CNIDARIA,9407.3,SCYPHOZOA,2462.89,CYANEA CAPILLATA,130.79
CNIDARIA,9407.3,CNIDARIA,9407.3,SCYPHOZOA,2462.89,SCYPHOZOA,2328.8
CTENOPHORA,110580.56,CTENOPHORA,110580.56,CTENOPHORA,110580.56,CTENOPHORA,108743.78
CTENOPHORA,110580.56,CTENOPHORA,110580.56,CTENOPHORA,110580.56,MERTENSIA OVUM,16.06
CTENOPHORA,110580.56,CTENOPHORA,110580.56,CTENOPHORA,110580.56,PLEUROBRACHIA PILEUS,1820.72
ECHINODERMATA,16366.83,ASTEROIDEA,416.35,ASTEROIDEA,416.35,ASTERIAS SP,14.96
ECHINODERMATA,16366.83,ASTEROIDEA,416.35,ASTEROIDEA,416.35,ASTERIAS VULGARIS,1.1
ECHINODERMATA,16366.83,ASTEROIDEA,416.35,ASTEROIDEA,416.35,ASTEROIDEA,393.36
ECHINODERMATA,16366.83,ASTEROIDEA,416.35,ASTEROIDEA,416.35,ASTROPECTEN SP,5.62
ECHINODERMATA,16366.83,ASTEROIDEA,416.35,ASTEROIDEA,416.35,CTENODISCUS CRISPATUS,0.66
ECHINODERMATA,16366.83,ASTEROIDEA,416.35,ASTEROIDEA,416.35,PEDICELLASTER TYPICUS,0.65
ECHINODERMATA,16366.83,CRINOIDEA,37.6,CRINOIDEA,37.6,CRINOIDEA,37.6
ECHINODERMATA,16366.83,ECHINODERMATA,588.8,ECHINODERMATA,588.8,ECHINODERMATA,588.8
ECHINODERMATA,16366.83,ECHINOIDEA,1108.87,ECHIN1,261.08,CLYPEASTEROIDA,171.3
ECHINODERMATA,16366.83,ECHINOIDEA,1108.87,ECHIN1,261.08,ECHINOIDEA,89.78
ECHINODERMATA,16366.83,ECHINOIDEA,1108.87,ECHINOIDEA,847.79,ACESTE SP,0
ECHINODERMATA,16366.83,ECHINOIDEA,1108.87,ECHINOIDEA,847.79,ARBACIA PUNCTULATA,2.91
ECHINODERMATA,16366.83,ECHINOIDEA,1108.87,ECHINOIDEA,847.79,ECHINACEA,27.63
ECHINODERMATA,16366.83,ECHINOIDEA,1108.87,ECHINOIDEA,847.79,ECHINARACHNIIDAE,0.11
ECHINODERMATA,16366.83,ECHINOIDEA,1108.87,ECHINOIDEA,847.79,ECHINARACHNIUS PARMA,679.7
ECHINODERMATA,16366.83,ECHINOIDEA,1108.87,ECHINOIDEA,847.79,SCHIZASTERIDAE,29.7
ECHINODERMATA,16366.83,ECHINOIDEA,1108.87,ECHINOIDEA,847.79,STRONGYLOCENTROTUS DROEBACHIENSIS,107.74
ECHINODERMATA,16366.83,HOLOTHUROIDEA,744.42,HOLOTHUROIDEA,744.42,CAUDINA ARENATA,3.52
ECHINODERMATA,16366.83,HOLOTHUROIDEA,744.42,HOLOTHUROIDEA,744.42,DENDROCHIROTIDA,0.26
ECHINODERMATA,16366.83,HOLOTHUROIDEA,744.42,HOLOTHUROIDEA,744.42,HOLOTHUROIDEA,720.89
ECHINODERMATA,16366.83,HOLOTHUROIDEA,744.42,HOLOTHUROIDEA,744.42,PENTAMERA SP,3.65
ECHINODERMATA,16366.83,HOLOTHUROIDEA,744.42,HOLOTHUROIDEA,744.42,PSOLUS PHANTAPUS,2.69
ECHINODERMATA,16366.83,HOLOTHUROIDEA,744.42,HOLOTHUROIDEA,744.42,PSOLUS SP,13.41
ECHINODERMATA,16366.83,OPHIUROIDEA,13470.79,OPHIUROIDEA,13470.79,AMPHILIMNA OLIVACEA,1.58
ECHINODERMATA,16366.83,OPHIUROIDEA,13470.79,OPHIUROIDEA,13470.79,AMPHIODIA SP,0.06
ECHINODERMATA,16366.83,OPHIUROIDEA,13470.79,OPHIUROIDEA,13470.79,AMPHIPHOLIS SP,0.04
ECHINODERMATA,16366.83,OPHIUROIDEA,13470.79,OPHIUROIDEA,13470.79,AMPHIURA SP,86.92
ECHINODERMATA,16366.83,OPHIUROIDEA,13470.79,OPHIUROIDEA,13470.79,AMPHIURIDAE,18.64
ECHINODERMATA,16366.83,OPHIUROIDEA,13470.79,OPHIUROIDEA,13470.79,AXIOGNATHUS SQUAMATUS,0.78
ECHINODERMATA,16366.83,OPHIUROIDEA,13470.79,OPHIUROIDEA,13470.79,EURYALINA,12.6
ECHINODERMATA,16366.83,OPHIUROIDEA,13470.79,OPHIUROIDEA,13470.79,GORGONOCEPHALUS SP,19.8
ECHINODERMATA,16366.83,OPHIUROIDEA,13470.79,OPHIUROIDEA,13470.79,OPHIACANTHA BIDENTATA,1.13
ECHINODERMATA,16366.83,OPHIUROIDEA,13470.79,OPHIUROIDEA,13470.79,OPHIOLEPIS SP,0.03
ECHINODERMATA,16366.83,OPHIUROIDEA,13470.79,OPHIUROIDEA,13470.79,OPHIOPHOLIS ACULEATA,740.69
ECHINODERMATA,16366.83,OPHIUROIDEA,13470.79,OPHIUROIDEA,13470.79,OPHIURA ROBUSTA,2.58
ECHINODERMATA,16366.83,OPHIUROIDEA,13470.79,OPHIUROIDEA,13470.79,OPHIURA SARSI,751.44
ECHINODERMATA,16366.83,OPHIUROIDEA,13470.79,OPHIUROIDEA,13470.79,OPHIURA SP,227.61
ECHINODERMATA,16366.83,OPHIUROIDEA,13470.79,OPHIUROIDEA,13470.79,OPHIURIDA,1437.05
ECHINODERMATA,16366.83,OPHIUROIDEA,13470.79,OPHIUROIDEA,13470.79,OPHIUROIDEA,10169.84
EMPTY,0,EMPTY,0,EMPTY,0,EMPTY,0
FISH,1205458.76,AMMODYTIDAE,40271.72,AMMODYTES SP,40271.72,AMMODYTES SP,40271.72
FISH,1205458.76,ANARHICHADIDAE,425.78,ANARHICHAS LUPUS,425.78,ANARHICHAS LUPUS,425.78
FISH,1205458.76,ANGUILLIFORMES,6285.47,ANGUILLA ROSTRATA,231.27,ANGUILLA ROSTRATA,231.27
FISH,1205458.76,ANGUILLIFORMES,6285.47,ANGUILLIFORMES,2481.88,ANGUILLIFORMES,2481.88
FISH,1205458.76,ANGUILLIFORMES,6285.47,CONGER OCEANICUS,1229.2,CONGER OCEANICUS,1229.2
FISH,1205458.76,ANGUILLIFORMES,6285.47,CONGRIDAE,716.2,CONGRIDAE,716.2
FISH,1205458.76,ANGUILLIFORMES,6285.47,NEMICHTHYS SCOLOPACEUS,226.53,NEMICHTHYS SCOLOPACEUS,226.53
FISH,1205458.76,ANGUILLIFORMES,6285.47,OPHICHTHIDAE,1374.74,OPHICHTHIDAE,1374.74
FISH,1205458.76,ANGUILLIFORMES,6285.47,OPHICHTHUS CRUENTIFER,19.25,OPHICHTHUS CRUENTIFER,19.25
FISH,1205458.76,ANGUILLIFORMES,6285.47,SYNAPHOBRANCHUS KAUPI,6.4,SYNAPHOBRANCHUS KAUPI,6.4
FISH,1205458.76,ARGENTINIDAE,9139.79,ARGENTINA SILUS,790.9,ARGENTINA SILUS,790.9
FISH,1205458.76,ARGENTINIDAE,9139.79,ARGENTINA STRIATA,44,ARGENTINA STRIATA,44
FISH,1205458.76,ARGENTINIDAE,9139.79,ARGENTINIDAE,8304.89,ARGENTINIDAE,8304.89
FISH,1205458.76,ATHERINIDAE,131.56,ATHERINIDAE,76.72,ATHERINIDAE,76.72
FISH,1205458.76,ATHERINIDAE,131.56,MENIDIA MENIDIA,54.84,MENIDIA MENIDIA,54.84
FISH,1205458.76,BALISTIDAE,52.29,BALISTIDAE,52.29,BALISTIDAE,52.29
FISH,1205458.76,BATRACHOIDIDAE,31.35,BATRACHOIDIDAE,31.35,BATRACHOIDIDAE,31.35
FISH,1205458.76,BELONIDAE,65.06,BELONIDAE,65.06,BELONIDAE,65.06
FISH,1205458.76,BOTHIDAE,11030.16,BOTHIDAE,648.56,BOTHIDAE,648.56
FISH,1205458.76,BOTHIDAE,11030.16,CITHARICHTHYS ARCTIFRONS,2343.7,CITHARICHTHYS ARCTIFRONS,2343.7
FISH,1205458.76,BOTHIDAE,11030.16,CITHARICHTHYS SP,18.41,CITHARICHTHYS SP,18.41
FISH,1205458.76,BOTHIDAE,11030.16,ETROPUS MICROSTOMUS,840.12,ETROPUS MICROSTOMUS,840.12
FISH,1205458.76,BOTHIDAE,11030.16,ETROPUS SP,46.13,ETROPUS SP,46.13
FISH,1205458.76,BOTHIDAE,11030.16,PARALICHTHYS DENTATUS,2307.59,PARALICHTHYS DENTATUS,2307.59
FISH,1205458.76,BOTHIDAE,11030.16,PARALICHTHYS OBLONGUS,3600.63,PARALICHTHYS OBLONGUS,3600.63
FISH,1205458.76,BOTHIDAE,11030.16,PARALICHTHYS SP,62.28,PARALICHTHYS SP,62.28
FISH,1205458.76,BOTHIDAE,11030.16,SCOPHTHALMUS AQUOSUS,1162.74,SCOPHTHALMUS AQUOSUS,1162.74
FISH,1205458.76,CARANGIDAE,160.18,CARANGIDAE,3.19,CARANGIDAE,3.19
FISH,1205458.76,CARANGIDAE,160.18,DECAPTERUS PUNCTATUS,35.2,DECAPTERUS PUNCTATUS,35.2
FISH,1205458.76,CARANGIDAE,160.18,NAUCRATES DUCTOR,119.04,NAUCRATES DUCTOR,119.04
FISH,1205458.76,CARANGIDAE,160.18,SELENE VOMER,2.75,SELENE VOMER,2.75
FISH,1205458.76,CHLOROPHTHALMIDAE,98.73,CHLOROPHTHALMIDAE,18.48,CHLOROPHTHALMIDAE,18.48
FISH,1205458.76,CHLOROPHTHALMIDAE,98.73,CHLOROPHTHALMUS AGASSIZI,80.25,CHLOROPHTHALMUS AGASSIZI,80.25
FISH,1205458.76,CHONDRICHTHYES,19.84,CHONDRICHTHYES,19.84,CHONDRICHTHYES,19.84
FISH,1205458.76,CLUPEIDAE,260289.03,ALOSA AESTIVALIS,2248.1,ALOSA AESTIVALIS,2248.1
FISH,1205458.76,CLUPEIDAE,260289.03,ALOSA PSEUDOHARENGUS,9161.13,ALOSA PSEUDOHARENGUS,9161.13
FISH,1205458.76,CLUPEIDAE,260289.03,ALOSA SAPIDISSIMA,1628.44,ALOSA SAPIDISSIMA,1628.44
FISH,1205458.76,CLUPEIDAE,260289.03,ALOSA SP,594.83,ALOSA SP,594.83
FISH,1205458.76,CLUPEIDAE,260289.03,BREVOORTIA TYRANNUS,12019.81,BREVOORTIA TYRANNUS,12019.81
FISH,1205458.76,CLUPEIDAE,260289.03,CLUPEA HARENGUS,142904.88,CLUPEA HARENGUS,142563.86
FISH,1205458.76,CLUPEIDAE,260289.03,CLUPEA HARENGUS,142904.88,CLUPEA HARENGUS EGGS,341.02
FISH,1205458.76,CLUPEIDAE,260289.03,CLUPEIDAE,88650.88,CLUPEIDAE,88648.33
FISH,1205458.76,CLUPEIDAE,260289.03,CLUPEIDAE,88650.88,CLUPEIDAE SCALES,2.55
FISH,1205458.76,CLUPEIDAE,260289.03,ETRUMEUS TERES,3080.96,ETRUMEUS TERES,3080.96
FISH,1205458.76,COTTIDAE,6129.37,ARTEDIELLUS SP,21.56,ARTEDIELLUS SP,21.56
FISH,1205458.76,COTTIDAE,6129.37,ARTEDIELLUS UNCINATUS,0.89,ARTEDIELLUS UNCINATUS,0.89
FISH,1205458.76,COTTIDAE,6129.37,COTTIDAE,848.94,COTTIDAE,848.94
FISH,1205458.76,COTTIDAE,6129.37,HEMITRIPTERUS AMERICANUS,682.22,HEMITRIPTERUS AMERICANUS,682.22
FISH,1205458.76,COTTIDAE,6129.37,MYOXOCEPHALUS AENAEUS,23.34,MYOXOCEPHALUS AENAEUS,23.34
FISH,1205458.76,COTTIDAE,6129.37,MYOXOCEPHALUS OCTODECEMSPINOSUS,4323.94,MYOXOCEPHALUS OCTODECEMSPINOSUS,4323.94
FISH,1205458.76,COTTIDAE,6129.37,MYOXOCEPHALUS OCTODECEMSPINOSUS EGGS,61.68,MYOXOCEPHALUS OCTODECEMSPINOSUS EGGS,61.68
FISH,1205458.76,COTTIDAE,6129.37,MYOXOCEPHALUS SCORPIUS,19.07,MYOXOCEPHALUS SCORPIUS,19.07
FISH,1205458.76,COTTIDAE,6129.37,MYOXOCEPHALUS SP,33,MYOXOCEPHALUS SP,33
FISH,1205458.76,COTTIDAE,6129.37,TRIGLOPS MURRAYI,114.73,TRIGLOPS MURRAYI,114.73
FISH,1205458.76,CYCLOPTERIDAE,60.17,CYCLOPTERIDAE,60.17,CYCLOPTERIDAE,60.17
FISH,1205458.76,ENGRAULIDAE,13294.21,ANCHOA HEPSETUS,552.53,ANCHOA HEPSETUS,552.53
FISH,1205458.76,ENGRAULIDAE,13294.21,ANCHOA MITCHILLI,5780.99,ANCHOA MITCHILLI,5780.99
FISH,1205458.76,ENGRAULIDAE,13294.21,ANCHOA SP,11.56,ANCHOA SP,11.56
FISH,1205458.76,ENGRAULIDAE,13294.21,ENGRAULIDAE,6938.57,ENGRAULIDAE,6938.57
FISH,1205458.76,ENGRAULIDAE,13294.21,ENGRAULIS EURYSTOLE,10.56,ENGRAULIS EURYSTOLE,10.56
FISH,1205458.76,FISH EGGS,4591.8,FISH EGGS,4368.17,CHONDRICHTHYES EGGS,10.23
FISH,1205458.76,FISH EGGS,4591.8,FISH EGGS,4368.17,CLUPEIDAE EGGS,2981.55
FISH,1205458.76,FISH EGGS,4591.8,FISH EGGS,4368.17,COTTIDAE EGGS,1.36
FISH,1205458.76,FISH EGGS,4591.8,FISH EGGS,4368.17,FISH EGGS,1229
FISH,1205458.76,FISH EGGS,4591.8,FISH EGGS,4368.17,GADIDAE EGGS,8.8
FISH,1205458.76,FISH EGGS,4591.8,FISH EGGS,4368.17,HEMITRIPTERUS AMERICANUS EGGS,2.75
FISH,1205458.76,FISH EGGS,4591.8,FISH EGGS,4368.17,LOPHIUS AMERICANUS EGGS,134.48
FISH,1205458.76,FISH EGGS,4591.8,MACROZOARCES AMERICANUS EGGS,223.63,MACROZOARCES AMERICANUS EGGS,223.63
FISH,1205458.76,FISH LARVAE,341.92,ANGUILLIFORMES LARVAE,46.02,ANGUILLIFORMES LARVAE,46.02
FISH,1205458.76,FISH LARVAE,341.92,FISH LARVAE,295.9,AMMODYTES SP LARVAE,95.92
FISH,1205458.76,FISH LARVAE,341.92,FISH LARVAE,295.9,BOTHIDAE LARVAE,0.65
FISH,1205458.76,FISH LARVAE,341.92,FISH LARVAE,295.9,CLUPEA HARENGUS LARVAE,6.6
FISH,1205458.76,FISH LARVAE,341.92,FISH LARVAE,295.9,CLUPEIDAE LARVAE,35.74
FISH,1205458.76,FISH LARVAE,341.92,FISH LARVAE,295.9,CONGRIDAE LARVAE,1.43
FISH,1205458.76,FISH LARVAE,341.92,FISH LARVAE,295.9,COTTIDAE LARVAE,0.03
FISH,1205458.76,FISH LARVAE,341.92,FISH LARVAE,295.9,FISH LARVAE,133.99
FISH,1205458.76,FISH LARVAE,341.92,FISH LARVAE,295.9,GLYPTOCEPHALUS CYNOGLOSSUS LARVAE,1.98
FISH,1205458.76,FISH LARVAE,341.92,FISH LARVAE,295.9,PLEURONECTIDAE LARVAE,2.64
FISH,1205458.76,FISH LARVAE,341.92,FISH LARVAE,295.9,PLEURONECTIFORMES LARVAE,12.79
FISH,1205458.76,FISH LARVAE,341.92,FISH LARVAE,295.9,ZOARCIDAE LARVAE,4.13
FISH,1205458.76,FISH SCALES,134.92,FISH SCALES,134.92,CLUPEA HARENGUS SCALES,0.22
FISH,1205458.76,FISH SCALES,134.92,FISH SCALES,134.92,FISH SCALES,134.7
FISH,1205458.76,GADIDAE,190982.75,BROSME BROSME,271.81,BROSME BROSME,271.81
FISH,1205458.76,GADIDAE,190982.75,ENCHELYOPUS CIMBRIUS,2198.09,ENCHELYOPUS CIMBRIUS,2198.09
FISH,1205458.76,GADIDAE,190982.75,GADIDAE,12117.37,GADIDAE,12112.7
FISH,1205458.76,GADIDAE,190982.75,GADIDAE,12117.37,GADIDAE OTOLITHS,4.67
FISH,1205458.76,GADIDAE,190982.75,GADUS MORHUA,2363.36,GADUS MORHUA,2363.36
FISH,1205458.76,GADIDAE,190982.75,MELANOGRAMMUS AEGLEFINUS,7397.13,MELANOGRAMMUS AEGLEFINUS,7397.13
FISH,1205458.76,GADIDAE,190982.75,MERLUCCIUS ALBIDUS,445.5,MERLUCCIUS ALBIDUS,445.5
FISH,1205458.76,GADIDAE,190982.75,MERLUCCIUS BILINEARIS,140257.37,MERLUCCIUS BILINEARIS,140246.46
FISH,1205458.76,GADIDAE,190982.75,MERLUCCIUS BILINEARIS,140257.37,MERLUCCIUS BILINEARIS OTOLITHS,10.91
FISH,1205458.76,GADIDAE,190982.75,POLLACHIUS VIRENS,1037.37,POLLACHIUS VIRENS,1037.37
FISH,1205458.76,GADIDAE,190982.75,UROPHYCIS CHESTERI,139.79,UROPHYCIS CHESTERI,139.79
FISH,1205458.76,GADIDAE,190982.75,UROPHYCIS CHUSS,11120.86,UROPHYCIS CHUSS,11120.86
FISH,1205458.76,GADIDAE,190982.75,UROPHYCIS REGIA,7341.08,UROPHYCIS REGIA,7341.08
FISH,1205458.76,GADIDAE,190982.75,UROPHYCIS SP,3281.39,UROPHYCIS SP,3281.39
FISH,1205458.76,GADIDAE,190982.75,UROPHYCIS TENUIS,3011.63,UROPHYCIS TENUIS,3011.63
FISH,1205458.76,GADIFORMES,945.12,GADIFORMES,945.12,GADIFORMES,945.12
FISH,1205458.76,GASTEROSTEIDAE,18.77,GASTEROSTEIDAE,8.53,GASTEROSTEIDAE,8.53
FISH,1205458.76,GASTEROSTEIDAE,18.77,GASTEROSTEUS ACULEATUS,10.24,GASTEROSTEUS ACULEATUS,10.24
FISH,1205458.76,GOBIIDAE,77.19,GOBIIDAE,76.31,GOBIIDAE,76.31
FISH,1205458.76,GOBIIDAE,77.19,GOBIOSOMA BOSC,0.88,GOBIOSOMA BOSC,0.88
FISH,1205458.76,GONOSTOMATIDAE,80.58,GONOSTOMATIDAE,80.58,GONOSTOMATIDAE,80.58
FISH,1205458.76,LABRIDAE,38,TAUTOGOLABRUS ADSPERSUS,38,TAUTOGOLABRUS ADSPERSUS,38
FISH,1205458.76,LOPHIIDAE,3145.35,LOPHIIDAE,220,LOPHIIDAE,220
FISH,1205458.76,LOPHIIDAE,3145.35,LOPHIUS AMERICANUS,2925.35,LOPHIUS AMERICANUS,2925.35
FISH,1205458.76,MACROURIDAE,102.3,MACROURIDAE,102.3,MACROURIDAE,102.3
FISH,1205458.76,MALLOTUS VILLOSUS,88,MALLOTUS VILLOSUS,88,MALLOTUS VILLOSUS,88
FISH,1205458.76,MUGILIDAE,4.4,MUGILIDAE,4.4,MUGILIDAE,4.4
FISH,1205458.76,MYCTOPHIDAE,924.98,DIAPHUS EFFUGENS,83.11,DIAPHUS EFFULGENS,83.11
FISH,1205458.76,MYCTOPHIDAE,924.98,MYCTOPHIDAE,841.87,MYCTOPHIDAE,841.87
FISH,1205458.76,MYXINIDAE,1483.89,MYXINE GLUTINOSA,495.76,MYXINE GLUTINOSA,495.76
FISH,1205458.76,MYXINIDAE,1483.89,MYXINIDAE,988.13,MYXINIDAE,988.13
FISH,1205458.76,OPHIDIIDAE,9662.01,LEPOPHIDIUM PROFUNDORUM,4969.35,LEPOPHIDIUM PROFUNDORUM,4969.35
FISH,1205458.76,OPHIDIIDAE,9662.01,OPHIDIIDAE,3280.53,OPHIDIIDAE,3280.53
FISH,1205458.76,OPHIDIIDAE,9662.01,OPHIDION GRAYI,81.4,OPHIDION GRAYI,81.4
FISH,1205458.76,OPHIDIIDAE,9662.01,OPHIDION HOLBROOKI,22,OPHIDION HOLBROOKI,22
FISH,1205458.76,OPHIDIIDAE,9662.01,OPHIDION MARGINATUM,1252.63,OPHIDION MARGINATUM,1252.63
FISH,1205458.76,OPHIDIIDAE,9662.01,OTOPHIDIUM OMOSTIGMUM,56.1,OTOPHIDIUM OMOSTIGMUM,56.1
FISH,1205458.76,OTHER FISH,439094.45,ASPIDOPHOROIDES MONOPTERYGIUS,91.63,ASPIDOPHOROIDES MONOPTERYGIUS,91.63
FISH,1205458.76,OTHER FISH,439094.45,BLENNIDAE,58.61,BLENNIIDAE,58.61
FISH,1205458.76,OTHER FISH,439094.45,CALLIONYMIDAE,0.44,CALLIONYMIDAE,0.44
FISH,1205458.76,OTHER FISH,439094.45,CHAULIODUS SLOANI,33,CHAULIODUS SLOANI,33
FISH,1205458.76,OTHER FISH,439094.45,CRYPTACANTHODES MACULATUS,4415.99,CRYPTACANTHODES MACULATUS,4415.99
FISH,1205458.76,OTHER FISH,439094.45,CYCLOPTERUS LUMPUS,228.25,CYCLOPTERUS LUMPUS,228.25
FISH,1205458.76,OTHER FISH,439094.45,CYPRINODON VARIEGATUS,3.93,CYPRINODON VARIEGATUS,3.93
FISH,1205458.76,OTHER FISH,439094.45,FISH OTOLITHS,7.48,FISH OTOLITHS,7.48
FISH,1205458.76,OTHER FISH,439094.45,LIPARIS SP,23.43,LIPARIS SP,23.43
FISH,1205458.76,OTHER FISH,439094.45,LUMPENUS LUMPRETAEFORMIS,939.99,LUMPENUS LUMPRETAEFORMIS,939.99
FISH,1205458.76,OTHER FISH,439094.45,LUMPENUS MACULATUS,130.96,LUMPENUS MACULATUS,130.96
FISH,1205458.76,OTHER FISH,439094.45,MACRORHAMPHOSUS SCOLOPAX,5.5,MACRORHAMPHOSUS SCOLOPAX,5.5
FISH,1205458.76,OTHER FISH,439094.45,MAUROLICUS MUELLERI,211.94,MAUROLICUS WEITZMANI,211.94
FISH,1205458.76,OTHER FISH,439094.45,OSTEICHTHYES,101875.36,OSTEICHTHYES,101875.36
FISH,1205458.76,OTHER FISH,439094.45,OTHER FISH,329313.92,FISH,328057.16
FISH,1205458.76,OTHER FISH,439094.45,OTHER FISH,329313.92,UNIDENTIFIED FISH,1256.76
FISH,1205458.76,OTHER FISH,439094.45,PARALEPIDAE,81.84,PARALEPIDAE,81.84
FISH,1205458.76,OTHER FISH,439094.45,PERCIFORMES,36.05,PERCIFORMES,36.05
FISH,1205458.76,OTHER FISH,439094.45,PHOLIDAE,0.78,PHOLIDAE,0.78
FISH,1205458.76,OTHER FISH,439094.45,PHOLIS GUNNELLUS,99.7,PHOLIS GUNNELLUS,99.7
FISH,1205458.76,OTHER FISH,439094.45,POLYMIXIA LOWEI,174.9,POLYMIXIA LOWEI,174.9
FISH,1205458.76,OTHER FISH,439094.45,SCOMBERESOX SAURUS,1151.8,SCOMBERESOX SAURUS,1151.8
FISH,1205458.76,OTHER FISH,439094.45,STOMIAS BOA,68.75,STOMIAS BOA,68.75
FISH,1205458.76,OTHER FISH,439094.45,SYNODONTIDAE,53.85,SYNODONTIDAE,53.85
FISH,1205458.76,OTHER FISH,439094.45,TRACHINOCEPHALUS MYOPS,57.48,TRACHINOCEPHALUS MYOPS,57.48
FISH,1205458.76,OTHER FISH,439094.45,ULVARIA SUBBIFURCATA,28.87,ULVARIA SUBBIFURCATA,28.87
FISH,1205458.76,PERCICHTHYIDAE,71.5,MORONE SAXATILIS,71.5,MORONE SAXATILIS,71.5
FISH,1205458.76,PETROMYZONTIDAE,22.55,PETROMYZONTIDAE,22.55,PETROMYZONTIDAE,22.55
FISH,1205458.76,PLEURONECTIDAE,7934.64,GLYPTOCEPHALUS CYNOGLOSSUS,708.13,GLYPTOCEPHALUS CYNOGLOSSUS,708.13
FISH,1205458.76,PLEURONECTIDAE,7934.64,HIPPOGLOSSOIDES PLATESSOIDES,1854.07,HIPPOGLOSSOIDES PLATESSOIDES,1854.07
FISH,1205458.76,PLEURONECTIDAE,7934.64,HIPPOGLOSSUS HIPPOGLOSSUS,7.4,HIPPOGLOSSUS HIPPOGLOSSUS,7.4
FISH,1205458.76,PLEURONECTIDAE,7934.64,PLEURONECTES AMERICANUS,2371.54,PSEUDOPLEURONECTES AMERICANUS,2371.54
FISH,1205458.76,PLEURONECTIDAE,7934.64,PLEURONECTES FERRUGINUS,2893.16,LIMANDA FERRUGINEA,2893.16
FISH,1205458.76,PLEURONECTIDAE,7934.64,PLEURONECTIDAE,100.34,PLEURONECTIDAE,100.34
FISH,1205458.76,PLEURONECTIFORMES,7583.33,PLEURONECTIFORMES,7583.33,PLEURONECTIFORMES,7583.33
FISH,1205458.76,POMATOMIDAE,223.85,POMATOMUS SALTATRIX,223.85,POMATOMUS SALTATRIX,223.85
FISH,1205458.76,RAJIFORMES,2577.87,RAJA EGLANTERIA,27.5,RAJA EGLANTERIA,27.5
FISH,1205458.76,RAJIFORMES,2577.87,RAJA ERINACEA,359.56,RAJA ERINACEA,359.56
FISH,1205458.76,RAJIFORMES,2577.87,RAJA GARMANI,8.25,RAJA GARMANI,8.25
FISH,1205458.76,RAJIFORMES,2577.87,RAJA RADIATA,30.25,RAJA RADIATA,30.25
FISH,1205458.76,RAJIFORMES,2577.87,RAJA SP,2131.41,RAJA SP,2131.41
FISH,1205458.76,RAJIFORMES,2577.87,RAJA SP EGGS,20.9,RAJA SP EGGS,20.9
FISH,1205458.76,SALMO SALAR,172.7,SALMO SALAR,172.7,SALMO SALAR,172.7
FISH,1205458.76,SCARIDAE,5.5,SCARIDAE,5.5,NICHOLSINA USTA,5.5
FISH,1205458.76,SCIAENIDAE,5783.82,BAIRDIELLA CHRYSOURA,72.6,BAIRDIELLA CHRYSOURA,72.6
FISH,1205458.76,SCIAENIDAE,5783.82,CYNOSCION REGALIS,2064.12,CYNOSCION REGALIS,2064.12
FISH,1205458.76,SCIAENIDAE,5783.82,LEIOSTOMUS XANTHURUS,1876.88,LEIOSTOMUS XANTHURUS,1876.88
FISH,1205458.76,SCIAENIDAE,5783.82,MENTICIRRHUS SAXATILIS,24.2,MENTICIRRHUS SAXATILIS,24.2
FISH,1205458.76,SCIAENIDAE,5783.82,MICROPOGONIAS UNDULATUS,742.36,MICROPOGONIAS UNDULATUS,742.36
FISH,1205458.76,SCIAENIDAE,5783.82,SCIAENIDAE,1003.66,SCIAENIDAE,1003.66
FISH,1205458.76,SCOMBRIDAE,119626.49,AUXIS SP,7.59,AUXIS SP,7.59
FISH,1205458.76,SCOMBRIDAE,119626.49,SCOMBER SCOMBRUS,50393.38,SCOMBER SCOMBRUS,50393.38
FISH,1205458.76,SCOMBRIDAE,119626.49,SCOMBER SP,13559.44,SCOMBER SP,13559.44
FISH,1205458.76,SCOMBRIDAE,119626.49,SCOMBRIDAE,55666.08,SCOMBRIDAE,55666.08
FISH,1205458.76,SCORPAENIDAE,6211.5,HELICOLENUS DACTYLOPTERUS,165.53,HELICOLENUS DACTYLOPTERUS,165.53
FISH,1205458.76,SCORPAENIDAE,6211.5,SCORPAENIDAE,154.08,SCORPAENIDAE,154.08
FISH,1205458.76,SCORPAENIDAE,6211.5,SEBASTES FASCIATUS,5891.89,SEBASTES FASCIATUS,5891.89
FISH,1205458.76,SERRANIDAE,1788.77,CENTROPRISTES SP,22.55,CENTROPRISTIS SP,22.55
FISH,1205458.76,SERRANIDAE,1788.77,CENTROPRISTIS STRIATA,1626.33,CENTROPRISTIS STRIATA,1626.33
FISH,1205458.76,SERRANIDAE,1788.77,DIPLECTRUM FORMOSUM,105.05,DIPLECTRUM FORMOSUM,105.05
FISH,1205458.76,SERRANIDAE,1788.77,SERRANIDAE,34.84,SERRANIDAE,34.84
FISH,1205458.76,SHARK,1381.27,SHARK,183.92,SELACHIMORPHA,183.92
FISH,1205458.76,SHARK,1381.27,SQUALIDAE,88,SQUALIDAE,88
FISH,1205458.76,SHARK,1381.27,SQUALUS ACANTHIAS,1109.35,SQUALUS ACANTHIAS,1109.35
FISH,1205458.76,SOLEIDAE,9248.82,SOLEIDAE,328.46,SOLEIDAE,328.46
FISH,1205458.76,SOLEIDAE,9248.82,SYMPHRUS PLAGIUSA,173.8,SYMPHURUS PLAGIUSA,173.8
FISH,1205458.76,SOLEIDAE,9248.82,SYMPHURUS SP,8708.06,SYMPHURUS SP,8708.06
FISH,1205458.76,SOLEIDAE,9248.82,TRINECTES MACULATUS,38.5,TRINECTES MACULATUS,38.5
FISH,1205458.76,SPARIDAE,10316.27,STENOTOMUS CHRYSOPS,10316.27,STENOTOMUS CHRYSOPS,10316.27
FISH,1205458.76,SPHYRAENIDAE,143,SPHYRAENA BOREALIS,55,SPHYRAENA BOREALIS,55
FISH,1205458.76,SPHYRAENIDAE,143,SPHYRAENA SP,88,SPHYRAENA SP,88
FISH,1205458.76,STERNOPTYCHIDAE,1.1,STERNOPTYCHIDAE,1.1,STERNOPTYCHIDAE,1.1
FISH,1205458.76,STICHAEIDAE,46.16,STICHAEIDAE,46.16,STICHAEIDAE,46.16
FISH,1205458.76,STROMATEIDAE,17960.62,PEPRILUS TRIACANTHUS,17960.62,PEPRILUS TRIACANTHUS,17960.62
FISH,1205458.76,SYNGNATHIDAE,213.76,HIPPOCAMPUS ERECTUS,13.75,HIPPOCAMPUS ERECTUS,13.75
FISH,1205458.76,SYNGNATHIDAE,213.76,HIPPOCAMPUS SP,45.38,HIPPOCAMPUS SP,45.38
FISH,1205458.76,SYNGNATHIDAE,213.76,SYNGNATHIDAE,122.01,SYNGNATHIDAE,122.01
FISH,1205458.76,SYNGNATHIDAE,213.76,SYNGNATHUS FUSCUS,31.52,SYNGNATHUS FUSCUS,31.52
FISH,1205458.76,SYNGNATHIDAE,213.76,SYNGNATHUS SP,1.1,SYNGNATHUS SP,1.1
FISH,1205458.76,TETRAODONTIDAE,1.95,SPHOEROIDES MACULATUS,1.32,SPHOEROIDES MACULATUS,1.32
FISH,1205458.76,TETRAODONTIDAE,1.95,TETRAODONTIDAE,0.63,TETRAODONTIDAE,0.63
FISH,1205458.76,TRIGLIDAE,4720.42,PERISTEDION MINIATUM,61.6,PERISTEDION MINIATUM,61.6
FISH,1205458.76,TRIGLIDAE,4720.42,PRIONOTUS ALATUS,16.5,PRIONOTUS ALATUS,16.5
FISH,1205458.76,TRIGLIDAE,4720.42,PRIONOTUS CAROLINUS,2480.86,PRIONOTUS CAROLINUS,2480.86
FISH,1205458.76,TRIGLIDAE,4720.42,PRIONOTUS EVOLANS,18.7,PRIONOTUS EVOLANS,18.7
FISH,1205458.76,TRIGLIDAE,4720.42,PRIONOTUS SP,2.75,PRIONOTUS SP,2.75
FISH,1205458.76,TRIGLIDAE,4720.42,TRIGLIDAE,2140.01,TRIGLIDAE,2140.01
FISH,1205458.76,URANOSCOPIDAE,259.6,ASTROSCOPUS GUTTATUS,99,ASTROSCOPUS GUTTATUS,99
FISH,1205458.76,URANOSCOPIDAE,259.6,URANOSCOPIDAE,160.6,URANOSCOPIDAE,160.6
FISH,1205458.76,ZOARCIDAE,9962.13,LYCENCHELYS VERRILLI,200.67,LYCENCHELYS VERRILLI,200.67
FISH,1205458.76,ZOARCIDAE,9962.13,MACROZOARCES AMERICANUS,9374.67,MACROZOARCES AMERICANUS,9374.67
FISH,1205458.76,ZOARCIDAE,9962.13,MELANOSTIGMA ATLANTICUM,182.68,MELANOSTIGMA ATLANTICUM,182.68
FISH,1205458.76,ZOARCIDAE,9962.13,ZOARCIDAE,204.11,ZOARCIDAE,204.11
MISCELLANEOUS,2815.91,MISCELLANEOUS,2815.91,MISCELLANEOUS,2815.91,AMPHIPODA TUBES,114.73
MISCELLANEOUS,2815.91,MISCELLANEOUS,2815.91,MISCELLANEOUS,2815.91,CELLOPHANE CIGARETTE,1.43
MISCELLANEOUS,2815.91,MISCELLANEOUS,2815.91,MISCELLANEOUS,2815.91,DISCARDED FOOD,59.49
MISCELLANEOUS,2815.91,MISCELLANEOUS,2815.91,MISCELLANEOUS,2815.91,FIBERGLASS,0.29
MISCELLANEOUS,2815.91,MISCELLANEOUS,2815.91,MISCELLANEOUS,2815.91,METAL,0.03
MISCELLANEOUS,2815.91,MISCELLANEOUS,2815.91,MISCELLANEOUS,2815.91,MISCELLANEOUS HUMAN TRASH,6.6
MISCELLANEOUS,2815.91,MISCELLANEOUS,2815.91,MISCELLANEOUS,2815.91,MISCELLANEOUS MATERIALS,2.59
MISCELLANEOUS,2815.91,MISCELLANEOUS,2815.91,MISCELLANEOUS,2815.91,MONOFILAMENT FISHING LINE,7.34
MISCELLANEOUS,2815.91,MISCELLANEOUS,2815.91,MISCELLANEOUS,2815.91,PAPER,9.9
MISCELLANEOUS,2815.91,MISCELLANEOUS,2815.91,MISCELLANEOUS,2815.91,PLASTIC,100.1
MISCELLANEOUS,2815.91,MISCELLANEOUS,2815.91,MISCELLANEOUS,2815.91,POLYCHAETA TUBES,343.95
MISCELLANEOUS,2815.91,MISCELLANEOUS,2815.91,MISCELLANEOUS,2815.91,ROCK,535.91
MISCELLANEOUS,2815.91,MISCELLANEOUS,2815.91,MISCELLANEOUS,2815.91,SAND,1629.58
MISCELLANEOUS,2815.91,MISCELLANEOUS,2815.91,MISCELLANEOUS,2815.91,STYROFOAM,0.01
MISCELLANEOUS,2815.91,MISCELLANEOUS,2815.91,MISCELLANEOUS,2815.91,WOOD,3.96
MOLLUSCA,209571.36,BIVALVIA,74951.22,ARCTICA ISLANDICA,1263.05,ARCTICA ISLANDICA,1263.05
MOLLUSCA,209571.36,BIVALVIA,74951.22,ARCTICA ISLANDICA SHELL,1.32,ARCTICA ISLANDICA SHELL,1.32
MOLLUSCA,209571.36,BIVALVIA,74951.22,ARCTICA ISLANDICA VISCERA,499.4,ARCTICA ISLANDICA VISCERA,499.4
MOLLUSCA,209571.36,BIVALVIA,74951.22,BIVALVIA,49472.34,ANADARA SP,0.7
MOLLUSCA,209571.36,BIVALVIA,74951.22,BIVALVIA,49472.34,ANOMIA SP,0.66
MOLLUSCA,209571.36,BIVALVIA,74951.22,BIVALVIA,49472.34,ASTARTE CASTANEA,2.71
MOLLUSCA,209571.36,BIVALVIA,74951.22,BIVALVIA,49472.34,ASTARTE SP,4.73
MOLLUSCA,209571.36,BIVALVIA,74951.22,BIVALVIA,49472.34,ASTARTE SP SHELL,0.55
MOLLUSCA,209571.36,BIVALVIA,74951.22,BIVALVIA,49472.34,ASTARTE UNDATA,5.09
MOLLUSCA,209571.36,BIVALVIA,74951.22,BIVALVIA,49472.34,BATHYARCA PECTUNCULOIDES,2.3
MOLLUSCA,209571.36,BIVALVIA,74951.22,BIVALVIA,49472.34,BATHYARCA SP,2.25
MOLLUSCA,209571.36,BIVALVIA,74951.22,BIVALVIA,49472.34,BIVALVIA,36828.35
MOLLUSCA,209571.36,BIVALVIA,74951.22,BIVALVIA,49472.34,BIVALVIA LARVAE,5.72
MOLLUSCA,209571.36,BIVALVIA,74951.22,BIVALVIA,49472.34,BIVALVIA SHELL,97.19
MOLLUSCA,209571.36,BIVALVIA,74951.22,BIVALVIA,49472.34,BIVALVIA SIPHON,140.08
MOLLUSCA,209571.36,BIVALVIA,74951.22,BIVALVIA,49472.34,BIVALVIA VISCERA,4359.66
MOLLUSCA,209571.36,BIVALVIA,74951.22,BIVALVIA,49472.34,CARDIIDAE,1.5
MOLLUSCA,209571.36,BIVALVIA,74951.22,BIVALVIA,49472.34,CARDIIDAE SHELL,0.33
MOLLUSCA,209571.36,BIVALVIA,74951.22,BIVALVIA,49472.34,CERASTODERMA PINNULATUM,34.76
MOLLUSCA,209571.36,BIVALVIA,74951.22,BIVALVIA,49472.34,CRENELLA GLANDULA,0.17
MOLLUSCA,209571.36,BIVALVIA,74951.22,BIVALVIA,49472.34,CYCLOCARDIA SP,1.1
MOLLUSCA,209571.36,BIVALVIA,74951.22,BIVALVIA,49472.34,ENSIS DIRECTUS,0.09
MOLLUSCA,209571.36,BIVALVIA,74951.22,BIVALVIA,49472.34,ENSIS SP,1.31
MOLLUSCA,209571.36,BIVALVIA,74951.22,BIVALVIA,49472.34,GEUKENSIA SP,0.01
MOLLUSCA,209571.36,BIVALVIA,74951.22,BIVALVIA,49472.34,LIMATULA SUBAURICULATA,1.58
MOLLUSCA,209571.36,BIVALVIA,74951.22,BIVALVIA,49472.34,LIMIDAE,0.11
MOLLUSCA,209571.36,BIVALVIA,74951.22,BIVALVIA,49472.34,LUCINIDAE,0.17
MOLLUSCA,209571.36,BIVALVIA,74951.22,BIVALVIA,49472.34,MACTRIDAE,851.51
MOLLUSCA,209571.36,BIVALVIA,74951.22,BIVALVIA,49472.34,MERCENARIA SP,296.45
MOLLUSCA,209571.36,BIVALVIA,74951.22,BIVALVIA,49472.34,MODIOLUS MODIOLUS,0.19
MOLLUSCA,209571.36,BIVALVIA,74951.22,BIVALVIA,49472.34,MULINIA LATERALIS,0.59
MOLLUSCA,209571.36,BIVALVIA,74951.22,BIVALVIA,49472.34,MUSCULUS SP,0
MOLLUSCA,209571.36,BIVALVIA,74951.22,BIVALVIA,49472.34,MYA ARENARIA,11.12
MOLLUSCA,209571.36,BIVALVIA,74951.22,BIVALVIA,49472.34,MYONERA LAMELLIFERA,0.03
MOLLUSCA,209571.36,BIVALVIA,74951.22,BIVALVIA,49472.34,MYTILIDAE,37.31
MOLLUSCA,209571.36,BIVALVIA,74951.22,BIVALVIA,49472.34,MYTILIDAE SHELL,0.11
MOLLUSCA,209571.36,BIVALVIA,74951.22,BIVALVIA,49472.34,MYTILUS EDULIS,1.21
MOLLUSCA,209571.36,BIVALVIA,74951.22,BIVALVIA,49472.34,NUCULA DELPHINODONTA,0.05
MOLLUSCA,209571.36,BIVALVIA,74951.22,BIVALVIA,49472.34,NUCULA SP,3.23
MOLLUSCA,209571.36,BIVALVIA,74951.22,BIVALVIA,49472.34,NUCULA TENUIS,0.11
MOLLUSCA,209571.36,BIVALVIA,74951.22,BIVALVIA,49472.34,NUCULANA PERNULA,0.54
MOLLUSCA,209571.36,BIVALVIA,74951.22,BIVALVIA,49472.34,NUCULANA SP,1.15
MOLLUSCA,209571.36,BIVALVIA,74951.22,BIVALVIA,49472.34,NUCULANA TENUISULCATA,1.19
MOLLUSCA,209571.36,BIVALVIA,74951.22,BIVALVIA,49472.34,OSTREIDAE,0.01
MOLLUSCA,209571.36,BIVALVIA,74951.22,BIVALVIA,49472.34,SILIQUA COSTATA,34.39
MOLLUSCA,209571.36,BIVALVIA,74951.22,BIVALVIA,49472.34,SOLENIDAE,3039.13
MOLLUSCA,209571.36,BIVALVIA,74951.22,BIVALVIA,49472.34,SOLENIDAE SHELL,29.56
MOLLUSCA,209571.36,BIVALVIA,74951.22,BIVALVIA,49472.34,SOLENIDAE SIPHON,20.1
MOLLUSCA,209571.36,BIVALVIA,74951.22,BIVALVIA,49472.34,SOLENIDAE VISCERA,258.17
MOLLUSCA,209571.36,BIVALVIA,74951.22,BIVALVIA,49472.34,SPISULA SOLIDISSIMA,3091.53
MOLLUSCA,209571.36,BIVALVIA,74951.22,BIVALVIA,49472.34,SPISULA SOLIDISSIMA VISCERA,67.6
MOLLUSCA,209571.36,BIVALVIA,74951.22,BIVALVIA,49472.34,SPISULA SP,210.31
MOLLUSCA,209571.36,BIVALVIA,74951.22,BIVALVIA,49472.34,TELLINA SP,0.07
MOLLUSCA,209571.36,BIVALVIA,74951.22,BIVALVIA,49472.34,THYASIRA SP,0.01
MOLLUSCA,209571.36,BIVALVIA,74951.22,BIVALVIA,49472.34,YOLDIA LIMATULA,0.6
MOLLUSCA,209571.36,BIVALVIA,74951.22,BIVALVIA,49472.34,YOLDIA SAPOTILLA,0.39
MOLLUSCA,209571.36,BIVALVIA,74951.22,BIVALVIA,49472.34,YOLDIA SP,23.98
MOLLUSCA,209571.36,BIVALVIA,74951.22,BIVALVIA,49472.34,YOLDIA THRACIAEFORMIS,0
MOLLUSCA,209571.36,BIVALVIA,74951.22,BIVALVIA,49472.34,YOLDIELLA LUCIDA,0.58
MOLLUSCA,209571.36,BIVALVIA,74951.22,PECTINIDAE,23715.11,ARGOPECTEN IRRADIANS,177.65
MOLLUSCA,209571.36,BIVALVIA,74951.22,PECTINIDAE,23715.11,CHLAMYS SP,10.69
MOLLUSCA,209571.36,BIVALVIA,74951.22,PECTINIDAE,23715.11,PECTINIDAE,11282.93
MOLLUSCA,209571.36,BIVALVIA,74951.22,PECTINIDAE,23715.11,PECTINIDAE SHELL,9.01
MOLLUSCA,209571.36,BIVALVIA,74951.22,PECTINIDAE,23715.11,PECTINIDAE VISCERA,9897.31
MOLLUSCA,209571.36,BIVALVIA,74951.22,PECTINIDAE,23715.11,PLACOPECTEN MAGELLANICUS,1907.97
MOLLUSCA,209571.36,BIVALVIA,74951.22,PECTINIDAE,23715.11,PLACOPECTEN MAGELLANICUS VISCERA,429.55
MOLLUSCA,209571.36,CEPHALOPODA,117494.15,ABRALIA VERANYI,29.37,ABRALIA VERANYI,29.37
MOLLUSCA,209571.36,CEPHALOPODA,117494.15,CEPHALOPODA,31318.55,CEPHALOPODA,31198.94
MOLLUSCA,209571.36,CEPHALOPODA,117494.15,CEPHALOPODA,31318.55,CEPHALOPODA BEAKS,16.75
MOLLUSCA,209571.36,CEPHALOPODA,117494.15,CEPHALOPODA,31318.55,TEUTHOIDEA EGGS,73.57
MOLLUSCA,209571.36,CEPHALOPODA,117494.15,CEPHALOPODA,31318.55,TEUTHOIDEA GLADIUS,29.29
MOLLUSCA,209571.36,CEPHALOPODA,117494.15,ILLEX ILLECEBROSUS,360.8,ILLEX ILLECEBROSUS,360.8
MOLLUSCA,209571.36,CEPHALOPODA,117494.15,ILLEX SP,13706.86,ILLEX SP,13706.86
MOLLUSCA,209571.36,CEPHALOPODA,117494.15,LOLIGO PEALEII,3483.25,LOLIGO PEALEII,3483.25
MOLLUSCA,209571.36,CEPHALOPODA,117494.15,LOLIGO SP,64341.15,LOLIGO SP,64220.15
MOLLUSCA,209571.36,CEPHALOPODA,117494.15,LOLIGO SP,64341.15,LOLIGO SP BEAKS,109.34
MOLLUSCA,209571.36,CEPHALOPODA,117494.15,LOLIGO SP,64341.15,LOLIGO SP GLADIUS,11.66
MOLLUSCA,209571.36,CEPHALOPODA,117494.15,LOLLIGUNCULA BREVIS,216.76,LOLLIGUNCULA BREVIS,216.76
MOLLUSCA,209571.36,CEPHALOPODA,117494.15,OCTOPODA,3463.74,BATHYPOLYPUS ARCTICUS,155.27
MOLLUSCA,209571.36,CEPHALOPODA,117494.15,OCTOPODA,3463.74,OCTOPODA,3308.33
MOLLUSCA,209571.36,CEPHALOPODA,117494.15,OCTOPODA,3463.74,OCTOPODA BEAKS,0.14
MOLLUSCA,209571.36,CEPHALOPODA,117494.15,SEMIROSSIA TENERA,5.7,SEMIROSSIA TENERA,5.7
MOLLUSCA,209571.36,CEPHALOPODA,117494.15,SEPIOLIDAE,567.97,SEPIOLIDAE,561.37
MOLLUSCA,209571.36,CEPHALOPODA,117494.15,SEPIOLIDAE,567.97,STOLOTEUTHIS LEUCOPTERA,6.6
MOLLUSCA,209571.36,GASTROPODA,4614.22,GASTROPODA,4355.16,ACMAEIDAE,2.6
MOLLUSCA,209571.36,GASTROPODA,4614.22,GASTROPODA,4355.16,ANATOMA CRISPATA,7.3
MOLLUSCA,209571.36,GASTROPODA,4614.22,GASTROPODA,4355.16,APLYSIIDAE,42.08
MOLLUSCA,209571.36,GASTROPODA,4614.22,GASTROPODA,4355.16,BUCCINIDAE,56.74
MOLLUSCA,209571.36,GASTROPODA,4614.22,GASTROPODA,4355.16,BUCCINUM SP,0.29
MOLLUSCA,209571.36,GASTROPODA,4614.22,GASTROPODA,4355.16,BUCCINUM UNDATUM,17.6
MOLLUSCA,209571.36,GASTROPODA,4614.22,GASTROPODA,4355.16,BUSYCON SP,0.03
MOLLUSCA,209571.36,GASTROPODA,4614.22,GASTROPODA,4355.16,COLUS SP,3.05
MOLLUSCA,209571.36,GASTROPODA,4614.22,GASTROPODA,4355.16,CRUCIBULUM STRIATUM,0.05
MOLLUSCA,209571.36,GASTROPODA,4614.22,GASTROPODA,4355.16,CYCLOSTREMATIDAE,0.01
MOLLUSCA,209571.36,GASTROPODA,4614.22,GASTROPODA,4355.16,EPITONIUM SP,0.65
MOLLUSCA,209571.36,GASTROPODA,4614.22,GASTROPODA,4355.16,EUSPIRA HEROS,16.45
MOLLUSCA,209571.36,GASTROPODA,4614.22,GASTROPODA,4355.16,FISSURELLIDAE,0.01
MOLLUSCA,209571.36,GASTROPODA,4614.22,GASTROPODA,4355.16,GASTROPODA,3838.64
MOLLUSCA,209571.36,GASTROPODA,4614.22,GASTROPODA,4355.16,GASTROPODA EGGS,1.2
MOLLUSCA,209571.36,GASTROPODA,4614.22,GASTROPODA,4355.16,GASTROPODA OPERCULUM,5.53
MOLLUSCA,209571.36,GASTROPODA,4614.22,GASTROPODA,4355.16,GASTROPODA SHELL,38.41
MOLLUSCA,209571.36,GASTROPODA,4614.22,GASTROPODA,4355.16,GASTROPODA VISCERA,77.27
MOLLUSCA,209571.36,GASTROPODA,4614.22,GASTROPODA,4355.16,HAMINOEA SP,0.14
MOLLUSCA,209571.36,GASTROPODA,4614.22,GASTROPODA,4355.16,MARGARITES SP,0.18
MOLLUSCA,209571.36,GASTROPODA,4614.22,GASTROPODA,4355.16,NASSARIUS SP,7.28
MOLLUSCA,209571.36,GASTROPODA,4614.22,GASTROPODA,4355.16,NATICA CLAUSA,0.06
MOLLUSCA,209571.36,GASTROPODA,4614.22,GASTROPODA,4355.16,NATICIDAE,85.71
MOLLUSCA,209571.36,GASTROPODA,4614.22,GASTROPODA,4355.16,NEOGASTROPODA,7.26
MOLLUSCA,209571.36,GASTROPODA,4614.22,GASTROPODA,4355.16,NUCELLA SP,1.58
MOLLUSCA,209571.36,GASTROPODA,4614.22,GASTROPODA,4355.16,NUDIBRANCHIA,143.29
MOLLUSCA,209571.36,GASTROPODA,4614.22,GASTROPODA,4355.16,OPISTHOBRANCHIA,1.31
MOLLUSCA,209571.36,GASTROPODA,4614.22,GASTROPODA,4355.16,PROPILIDIUM SP,0.13
MOLLUSCA,209571.36,GASTROPODA,4614.22,GASTROPODA,4355.16,PUNCTURELLA NOACHINA,0.01
MOLLUSCA,209571.36,GASTROPODA,4614.22,GASTROPODA,4355.16,PUNCTURELLA SP,0.03
MOLLUSCA,209571.36,GASTROPODA,4614.22,GASTROPODA,4355.16,SCAPHANDER PUNCTOSTRIATUS,0.13
MOLLUSCA,209571.36,GASTROPODA,4614.22,GASTROPODA,4355.16,TROCHIDAE,0.11
MOLLUSCA,209571.36,GASTROPODA,4614.22,GASTROPODA,4355.16,VELUTINA SP,0.03
MOLLUSCA,209571.36,GASTROPODA,4614.22,PTEROPODA,259.06,CAVOLINIIDAE,0.01
MOLLUSCA,209571.36,GASTROPODA,4614.22,PTEROPODA,259.06,CLIONE LIMACINA,84.55
MOLLUSCA,209571.36,GASTROPODA,4614.22,PTEROPODA,259.06,LIMACINA RETROVERSA,3.09
MOLLUSCA,209571.36,GASTROPODA,4614.22,PTEROPODA,259.06,LIMACINA SP,0.88
MOLLUSCA,209571.36,GASTROPODA,4614.22,PTEROPODA,259.06,THECOSOMATA,170.53
MOLLUSCA,209571.36,MOLLUSCA,12500.43,MOLLUSCA,12500.43,MOLLUSCA,11686.23
MOLLUSCA,209571.36,MOLLUSCA,12500.43,MOLLUSCA,12500.43,MOLLUSCA EGGS,3.85
MOLLUSCA,209571.36,MOLLUSCA,12500.43,MOLLUSCA,12500.43,MOLLUSCA SHELL,145.47
MOLLUSCA,209571.36,MOLLUSCA,12500.43,MOLLUSCA,12500.43,MOLLUSCA VISCERA,664.88
MOLLUSCA,209571.36,POLYPLACOPHORA,9.51,POLYPLACOPHORA,9.51,CHITON TUBERCULATUS,0.3
MOLLUSCA,209571.36,POLYPLACOPHORA,9.51,POLYPLACOPHORA,9.51,POLYPLACOPHORA,9.21
MOLLUSCA,209571.36,SCAPHOPODA,1.83,SCAPHOPODA,1.83,DENTALIUM SP,0.66
MOLLUSCA,209571.36,SCAPHOPODA,1.83,SCAPHOPODA,1.83,SCAPHOPODA,1.17
OTHER,2581.41,OTHER,2581.41,OTHER,2580.95,AVES,2.2
OTHER,2581.41,OTHER,2581.41,OTHER,2580.95,AVES FEATHERS,1.43
OTHER,2581.41,OTHER,2581.41,OTHER,2580.95,CHLOROPHYTA,1.32
OTHER,2581.41,OTHER,2581.41,OTHER,2580.95,FORAMINIFERIDA,0
OTHER,2581.41,OTHER,2581.41,OTHER,2580.95,INVERTEBRATA,2017.77
OTHER,2581.41,OTHER,2581.41,OTHER,2580.95,MACROALGAE,129.21
OTHER,2581.41,OTHER,2581.41,OTHER,2580.95,MARINE MAMMAL,66
OTHER,2581.41,OTHER,2581.41,OTHER,2580.95,MARINE MAMMAL REMAINS,275
OTHER,2581.41,OTHER,2581.41,OTHER,2580.95,PARASITES,3.48
OTHER,2581.41,OTHER,2581.41,OTHER,2580.95,PHAEOPHYTA,12.4
OTHER,2581.41,OTHER,2581.41,OTHER,2580.95,PLANTS,65.43
OTHER,2581.41,OTHER,2581.41,OTHER,2580.95,RHODOPHYTA,1.12
OTHER,2581.41,OTHER,2581.41,OTHER,2580.95,ZOSTERA MARINA,5.59
OTHER,2581.41,OTHER,2581.41,PLANKTON,0.46,PLANKTON,0.46
PORIFERA,127.94,PORIFERA,127.94,PORIFERA,127.94,PORIFERA,127.94
UNOBS,245.74,UNOBS,245.74,UNOBS,245.74,UNOBSERVED,245.74
UROCHORDATA,1330.41,ASCIDIACEA,349.31,ASCIDIACEA,349.31,ASCIDIA CALLOSA,1.77
UROCHORDATA,1330.41,ASCIDIACEA,349.31,ASCIDIACEA,349.31,ASCIDIACEA,347.44
UROCHORDATA,1330.41,ASCIDIACEA,349.31,ASCIDIACEA,349.31,ASCIDIIDAE,0.1
UROCHORDATA,1330.41,LARVACEANS,857.82,LARVACEANS,857.82,LARVACEA,44.72
UROCHORDATA,1330.41,LARVACEANS,857.82,LARVACEANS,857.82,OIKOPLEURA SP,5.5
UROCHORDATA,1330.41,LARVACEANS,857.82,LARVACEANS,857.82,SALPIDAE,166.84
UROCHORDATA,1330.41,LARVACEANS,857.82,LARVACEANS,857.82,THALIACEA,640.76
UROCHORDATA,1330.41,UROCHORDATA,123.28,UROCHORDATA,123.28,UROCHORDATA,123.28
WORMS,1184.89,NEMATODA,141.56,NEMATODA,141.56,NEMATODA,141.56
WORMS,1184.89,WORMS,1043.33,PLATYHELMINTHES,51.27,CESTODA,17.83
WORMS,1184.89,WORMS,1043.33,PLATYHELMINTHES,51.27,PLATYHELMINTHES,31.54
WORMS,1184.89,WORMS,1043.33,PLATYHELMINTHES,51.27,TREMATODA,0.8
WORMS,1184.89,WORMS,1043.33,PLATYHELMINTHES,51.27,TURBELLARIA,1.1
WORMS,1184.89,WORMS,1043.33,WORMS,992.06,ACANTHOCEPHALA,0.1
WORMS,1184.89,WORMS,1043.33,WORMS,992.06,ASPIDOSIPHON ALBUS,0.06
WORMS,1184.89,WORMS,1043.33,WORMS,992.06,CEREBRATULUS SP,8.12
WORMS,1184.89,WORMS,1043.33,WORMS,992.06,NEMERTEA,564.28
WORMS,1184.89,WORMS,1043.33,WORMS,992.06,PHASCOLION STROMBI,6.67
WORMS,1184.89,WORMS,1043.33,WORMS,992.06,PHASCOLOPSIS GOULDII,7.11
WORMS,1184.89,WORMS,1043.33,WORMS,992.06,PHORONIDA,0.06
WORMS,1184.89,WORMS,1043.33,WORMS,992.06,PRIAPULUS CAUDATUS,192.5
WORMS,1184.89,WORMS,1043.33,WORMS,992.06,SIPUNCULA,213.16
