"gensci","analsci","collsci","pynam","total_gennam","total_analnam","total_colnam","total_pynam","gen_analnam","gen_colnam","gen_pynam","anal_colnam","anal_pynam","coll_pynam"
"ARTHROPODA","DECAPODA","PANDALIDAE","DICHELOPANDALUS LEPTOCERUS",19,101,276,965,13,32,361,12,116,6
"EMPTY","EMPTY","EMPTY","EMPTY",19,101,276,965,1,1,1,1,1,1
"ANIMAL REMAINS","ANIMAL REMAINS","ANIMAL REMAINS","ANIMAL REMAINS",19,101,276,965,1,1,4,1,4,4
"ARTHROPODA","AMPHIPODA","GAMMARIDEA","GAMMARIDEA",19,101,276,965,13,32,361,4,147,132
"FISH","CLUPEIDAE","CLUPEIDAE","CLUPEIDAE",19,101,276,965,57,190,212,8,10,2
"ARTHROPODA","CRUSTACEA","CRUSTACEA","CRUSTACEA",19,101,276,965,13,32,361,4,5,1
"ARTHROPODA","CUMACEA","CUMACEA","CUMACEA",19,101,276,965,13,32,361,1,17,17
"ARTHROPODA","ISOPODA","ISOPODA","EDOTEA SP",19,101,276,965,13,32,361,1,27,27
"ECHINODERMATA","HOLOTHUROIDEA","HOLOTHUROIDEA","HOLOTHUROIDEA",19,101,276,965,6,7,39,1,6,6
"ARTHROPODA","AMPHIPODA","GAMMARIDEA","CASCO BIGELOWI",19,101,276,965,13,32,361,4,147,132
"ANNELIDA","ANNELIDA","POLYCHAETA","LUMBRINERIDAE",19,101,276,965,1,4,135,4,135,131
"FISH","OTHER FISH","OTHER FISH","FISH",19,101,276,965,57,190,212,25,26,2
"ANNELIDA","ANNELIDA","POLYCHAETA","TEREBELLIDA",19,101,276,965,1,4,135,4,135,131
"ARTHROPODA","AMPHIPODA","AMPHIPODA","AMPHIPODA",19,101,276,965,13,32,361,4,147,1
"ARTHROPODA","DECAPODA","CRANGONIDAE","CRANGON SEPTEMSPINOSA",19,101,276,965,13,32,361,12,116,8
"ARTHROPODA","AMPHIPODA","GAMMARIDEA","UNCIOLA IRRORATA",19,101,276,965,13,32,361,4,147,132
"MISCELLANEOUS","MISCELLANEOUS","MISCELLANEOUS","ROCK",19,101,276,965,1,1,15,1,15,15
"WORMS","WORMS","PLATYHELMINTHES","TREMATODA",19,101,276,965,2,3,14,2,13,4
"WORMS","WORMS","PLATYHELMINTHES","CESTODA",19,101,276,965,2,3,14,2,13,4
"ARTHROPODA","MYSIDACEA","MYSIDACEA","NEOMYSIS AMERICANA",19,101,276,965,13,32,361,1,9,9
"CHAETOGNATHA","CHAETOGNATHA","CHAETOGNATHA","CHAETOGNATHA",19,101,276,965,1,1,3,1,3,3
"ARTHROPODA","DECAPODA","DECAPODA SHRIMP","DECAPODA SHRIMP",19,101,276,965,13,32,361,12,116,36
"ARTHROPODA","AMPHIPODA","GAMMARIDEA","ERICTHONIUS RUBRICORNIS",19,101,276,965,13,32,361,4,147,132
"ANNELIDA","ANNELIDA","POLYCHAETA","NEPHTYIDAE",19,101,276,965,1,4,135,4,135,131
"MOLLUSCA","BIVALVIA","PECTINIDAE","PECTINIDAE",19,101,276,965,6,20,130,5,66,7
"ANNELIDA","ANNELIDA","POLYCHAETA","POLYCHAETA",19,101,276,965,1,4,135,4,135,131
"ARTHROPODA","AMPHIPODA","GAMMARIDEA","AMPELISCA VADORUM",19,101,276,965,13,32,361,4,147,132
"ARTHROPODA","AMPHIPODA","GAMMARIDEA","LEPTOCHEIRUS PINGUIS",19,101,276,965,13,32,361,4,147,132
"ANNELIDA","ANNELIDA","POLYCHAETA","STERNASPIS SCUTATA",19,101,276,965,1,4,135,4,135,131
"ANNELIDA","ANNELIDA","POLYCHAETA","TEREBELLIDAE",19,101,276,965,1,4,135,4,135,131
"ARTHROPODA","AMPHIPODA","GAMMARIDEA","AMPELISCIDAE",19,101,276,965,13,32,361,4,147,132
"ANNELIDA","ANNELIDA","POLYCHAETA","AMPHARETIDAE",19,101,276,965,1,4,135,4,135,131
"MOLLUSCA","BIVALVIA","BIVALVIA","BIVALVIA",19,101,276,965,6,20,130,5,66,56
"ANNELIDA","ANNELIDA","POLYCHAETA","FLABELLIGERIDAE",19,101,276,965,1,4,135,4,135,131
"MOLLUSCA","CEPHALOPODA","LOLIGO PEALEII","LOLIGO PEALEII",19,101,276,965,6,20,130,10,18,1
"FISH","STROMATEIDAE","PEPRILUS TRIACANTHUS","PEPRILUS TRIACANTHUS",19,101,276,965,57,190,212,1,1,1
"UROCHORDATA","ASCIDIACEA","ASCIDIACEA","ASCIDIACEA",19,101,276,965,3,3,8,1,3,3
"ARTHROPODA","AMPHIPODA","CAPRELLIDAE","CAPRELLIDAE",19,101,276,965,13,32,361,4,147,4
"ANNELIDA","ANNELIDA","POLYCHAETA","OPHELIIDAE",19,101,276,965,1,4,135,4,135,131
"ARTHROPODA","AMPHIPODA","GAMMARIDEA","AORIDAE",19,101,276,965,13,32,361,4,147,132
"ARTHROPODA","AMPHIPODA","GAMMARIDEA","BYBLIS SERRATA",19,101,276,965,13,32,361,4,147,132
"ANNELIDA","ANNELIDA","POLYCHAETA","CIRRATULIDAE",19,101,276,965,1,4,135,4,135,131
"MOLLUSCA","GASTROPODA","GASTROPODA","GASTROPODA",19,101,276,965,6,20,130,2,38,33
"ANNELIDA","ANNELIDA","POLYCHAETA","GONIADIDAE",19,101,276,965,1,4,135,4,135,131
"ANNELIDA","ANNELIDA","POLYCHAETA","MALDANIDAE",19,101,276,965,1,4,135,4,135,131
"ANNELIDA","ANNELIDA","POLYCHAETA","SABELLIDAE",19,101,276,965,1,4,135,4,135,131
"MISCELLANEOUS","MISCELLANEOUS","MISCELLANEOUS","SAND",19,101,276,965,1,1,15,1,15,15
"ANNELIDA","ANNELIDA","POLYCHAETA","SCALIBREGMA INFLATUM",19,101,276,965,1,4,135,4,135,131
"ARTHROPODA","DECAPODA","DECAPODA SHRIMP","AXIUS SERRATUS",19,101,276,965,13,32,361,12,116,36
"ANNELIDA","ANNELIDA","POLYCHAETA","OWENIIDAE",19,101,276,965,1,4,135,4,135,131
"WORMS","WORMS","WORMS","SIPUNCULA",19,101,276,965,2,3,14,2,13,9
"ANNELIDA","ANNELIDA","POLYCHAETA","ARABELLIDAE",19,101,276,965,1,4,135,4,135,131
"ANNELIDA","ANNELIDA","POLYCHAETA","GONIADELLA SP",19,101,276,965,1,4,135,4,135,131
"ARTHROPODA","AMPHIPODA","GAMMARIDEA","ISCHYROCERIDAE",19,101,276,965,13,32,361,4,147,132
"ARTHROPODA","AMPHIPODA","GAMMARIDEA","PHOXOCEPHALIDAE",19,101,276,965,13,32,361,4,147,132
"ARTHROPODA","EUPHAUSIACEA","EUPHAUSIACEA","EUPHAUSIIDAE",19,101,276,965,13,32,361,1,11,11
"ARTHROPODA","MYSIDACEA","MYSIDACEA","MYSIDACEA",19,101,276,965,13,32,361,1,9,9
"ARTHROPODA","AMPHIPODA","GAMMARIDEA","HAUSTORIIDAE",19,101,276,965,13,32,361,4,147,132
"WORMS","WORMS","WORMS","NEMERTEA",19,101,276,965,2,3,14,2,13,9
"ANNELIDA","ANNELIDA","APHRODITIDAE","APHRODITIDAE",19,101,276,965,1,4,135,4,135,2
"ARTHROPODA","ISOPODA","ISOPODA","CIROLANIDAE",19,101,276,965,13,32,361,1,27,27
"ARTHROPODA","ISOPODA","ISOPODA","POLITOLANA POLITA",19,101,276,965,13,32,361,1,27,27
"ARTHROPODA","AMPHIPODA","GAMMARIDEA","OEDICEROTIDAE",19,101,276,965,13,32,361,4,147,132
"ARTHROPODA","CUMACEA","CUMACEA","PSEUDOLEPTOCUMA MINOR",19,101,276,965,13,32,361,1,17,17
"ARTHROPODA","ISOPODA","ISOPODA","SYNIDOTEA SP",19,101,276,965,13,32,361,1,27,27
"ARTHROPODA","AMPHIPODA","GAMMARIDEA","UNCIOLA SP",19,101,276,965,13,32,361,4,147,132
"WORMS","NEMATODA","NEMATODA","NEMATODA",19,101,276,965,2,3,14,1,1,1
"ARTHROPODA","DECAPODA","DECAPODA","DECAPODA",19,101,276,965,13,32,361,12,116,2
"ARTHROPODA","CUMACEA","CUMACEA","PETALOSARSIA DECLIVIS",19,101,276,965,13,32,361,1,17,17
"ARTHROPODA","AMPHIPODA","GAMMARIDEA","COROPHIIDAE",19,101,276,965,13,32,361,4,147,132
"ARTHROPODA","AMPHIPODA","GAMMARIDEA","LYSIANASSIDAE",19,101,276,965,13,32,361,4,147,132
"MOLLUSCA","MOLLUSCA","MOLLUSCA","MOLLUSCA",19,101,276,965,6,20,130,1,4,4
"ARTHROPODA","DECAPODA","CANCRIDAE","CANCRIDAE",19,101,276,965,13,32,361,12,116,4
"ARTHROPODA","DECAPODA","CANCRIDAE","CANCER IRRORATUS",19,101,276,965,13,32,361,12,116,4
"ARTHROPODA","DECAPODA","CRANGONIDAE","CRANGONIDAE",19,101,276,965,13,32,361,12,116,8
"ARTHROPODA","DECAPODA","PAGUROIDEA","PAGURUS ACADIANUS",19,101,276,965,13,32,361,12,116,10
"MOLLUSCA","CEPHALOPODA","CEPHALOPODA","CEPHALOPODA",19,101,276,965,6,20,130,10,18,4
"ARTHROPODA","AMPHIPODA","GAMMARIDEA","RHEPOXYNIUS EPISTOMUS",19,101,276,965,13,32,361,4,147,132
"ARTHROPODA","ISOPODA","ISOPODA","ISOPODA",19,101,276,965,13,32,361,1,27,27
"FISH","GADIDAE","MERLUCCIUS BILINEARIS","MERLUCCIUS BILINEARIS",19,101,276,965,57,190,212,13,15,2
"ANNELIDA","ANNELIDA","POLYCHAETA","PHYLLODOCIDAE",19,101,276,965,1,4,135,4,135,131
"ANNELIDA","ANNELIDA","POLYCHAETA","SPIONIDAE",19,101,276,965,1,4,135,4,135,131
"ANNELIDA","ANNELIDA","POLYCHAETA","OPHELINA SP",19,101,276,965,1,4,135,4,135,131
"ANNELIDA","ANNELIDA","POLYCHAETA","ORBINIIDAE",19,101,276,965,1,4,135,4,135,131
"ARTHROPODA","ISOPODA","ISOPODA","CHIRIDOTEA SP",19,101,276,965,13,32,361,1,27,27
"ARTHROPODA","DECAPODA","DECAPODA CRAB","DECAPODA CRAB",19,101,276,965,13,32,361,12,116,35
"ARTHROPODA","DECAPODA","PAGUROIDEA","PAGURUS SP",19,101,276,965,13,32,361,12,116,10
"ANNELIDA","ANNELIDA","POLYCHAETA","GLYCERIDAE",19,101,276,965,1,4,135,4,135,131
"ARTHROPODA","AMPHIPODA","GAMMARIDEA","MONOCULODES EDWARDSI",19,101,276,965,13,32,361,4,147,132
"ARTHROPODA","AMPHIPODA","GAMMARIDEA","ANONYX SARSI",19,101,276,965,13,32,361,4,147,132
"ARTHROPODA","AMPHIPODA","GAMMARIDEA","HIPPOMEDON SERRATUS",19,101,276,965,13,32,361,4,147,132
"ECHINODERMATA","OPHIUROIDEA","OPHIUROIDEA","OPHIUROIDEA",19,101,276,965,6,7,39,1,16,16
"FISH","SCOMBRIDAE","SCOMBER SCOMBRUS","SCOMBER SCOMBRUS",19,101,276,965,57,190,212,4,4,1
"FISH","SCORPAENIDAE","SEBASTES FASCIATUS","SEBASTES FASCIATUS",19,101,276,965,57,190,212,3,3,1
"ARTHROPODA","DECAPODA","DECAPODA SHRIMP","PASIPHAEA MULTIDENTATA",19,101,276,965,13,32,361,12,116,36
"ARTHROPODA","AMPHIPODA","GAMMARIDEA","AMPELISCA AGASSIZI",19,101,276,965,13,32,361,4,147,132
"ARTHROPODA","DECAPODA","CANCRIDAE","CANCER BOREALIS",19,101,276,965,13,32,361,12,116,4
"ARTHROPODA","EUPHAUSIACEA","EUPHAUSIACEA","MEGANYCTIPHANES NORVEGICA",19,101,276,965,13,32,361,1,11,11
"ARTHROPODA","DECAPODA","DECAPODA CRAB","HYAS SP",19,101,276,965,13,32,361,12,116,35
"ARTHROPODA","DECAPODA","PAGUROIDEA","PAGURIDAE",19,101,276,965,13,32,361,12,116,10
"ECHINODERMATA","ASTEROIDEA","ASTEROIDEA","ASTERIAS SP",19,101,276,965,6,7,39,1,6,6
"CNIDARIA","CNIDARIA","ANTHOZOA","ANTHOZOA",19,101,276,965,1,4,20,4,20,8
"ECHINODERMATA","ECHINODERMATA","ECHINODERMATA","ECHINODERMATA",19,101,276,965,6,7,39,1,1,1
"ANNELIDA","ANNELIDA","POLYCHAETA","ONUPHIDAE",19,101,276,965,1,4,135,4,135,131
"ARTHROPODA","AMPHIPODA","GAMMARIDEA","PSAMMONYX NOBILIS",19,101,276,965,13,32,361,4,147,132
"ANNELIDA","ANNELIDA","POLYCHAETA","ONUPHIS EREMITA",19,101,276,965,1,4,135,4,135,131
"ARTHROPODA","ISOPODA","ISOPODA","CHIRIDOTEA TUFTSI",19,101,276,965,13,32,361,1,27,27
"ECHINODERMATA","ECHINOIDEA","ECHIN1","ECHINOIDEA",19,101,276,965,6,7,39,2,9,2
"ANNELIDA","ANNELIDA","POLYCHAETA","POLYNOIDAE",19,101,276,965,1,4,135,4,135,131
"ANNELIDA","ANNELIDA","POLYCHAETA","NEREIDAE",19,101,276,965,1,4,135,4,135,131
"ARTHROPODA","AMPHIPODA","GAMMARIDEA","RHEPOXYNIUS SP",19,101,276,965,13,32,361,4,147,132
"ANNELIDA","ANNELIDA","POLYCHAETA","PARAONIDAE",19,101,276,965,1,4,135,4,135,131
"ARTHROPODA","AMPHIPODA","GAMMARIDEA","ORCHOMENELLA SP",19,101,276,965,13,32,361,4,147,132
"ANNELIDA","ANNELIDA","POLYCHAETA","SPIOPHANES BOMBYX",19,101,276,965,1,4,135,4,135,131
"ARTHROPODA","AMPHIPODA","GAMMARIDEA","PONTOGENEIA INERMIS",19,101,276,965,13,32,361,4,147,132
"CNIDARIA","CNIDARIA","ANTHOZOA","CERIANTHIDAE",19,101,276,965,1,4,20,4,20,8
"ANNELIDA","ANNELIDA","POLYCHAETA","LUMBRINERIS FRAGILIS",19,101,276,965,1,4,135,4,135,131
"ECHINODERMATA","ECHINOIDEA","ECHINOIDEA","ECHINARACHNIUS PARMA",19,101,276,965,6,7,39,2,9,7
"ARTHROPODA","DECAPODA","DECAPODA CRAB","HYAS COARCTATUS",19,101,276,965,13,32,361,12,116,35
"ANNELIDA","ANNELIDA","POLYCHAETA","LUMBRINERIS SP",19,101,276,965,1,4,135,4,135,131
"ARTHROPODA","AMPHIPODA","GAMMARIDEA","ACANTHOHAUSTORIUS SPINOSUS",19,101,276,965,13,32,361,4,147,132
"WORMS","WORMS","WORMS","CEREBRATULUS SP",19,101,276,965,2,3,14,2,13,9
"ARTHROPODA","DECAPODA","DECAPODA SHRIMP","EUALUS PUSIOLUS",19,101,276,965,13,32,361,12,116,36
"ARTHROPODA","DECAPODA","PANDALIDAE","PANDALIDAE",19,101,276,965,13,32,361,12,116,6
"ARTHROPODA","COPEPODA","COPEPODA","COPEPODA",19,101,276,965,13,32,361,1,13,13
"ARTHROPODA","AMPHIPODA","GAMMARIDEA","ERICTHONIUS SP",19,101,276,965,13,32,361,4,147,132
"ARTHROPODA","AMPHIPODA","GAMMARIDEA","PHOXOCEPHALUS HOLBOLLI",19,101,276,965,13,32,361,4,147,132
"FISH","FISH SCALES","FISH SCALES","FISH SCALES",19,101,276,965,57,190,212,1,2,2
"OTHER","OTHER","OTHER","PLANTS",19,101,276,965,1,2,14,2,14,13
"ARTHROPODA","AMPHIPODA","GAMMARIDEA","STENOTHOIDAE",19,101,276,965,13,32,361,4,147,132
"FISH","ANGUILLIFORMES","CONGRIDAE","CONGRIDAE",19,101,276,965,57,190,212,8,8,1
"ARTHROPODA","AMPHIPODA","GAMMARIDEA","AMPELISCA MACROCEPHALA",19,101,276,965,13,32,361,4,147,132
"ARTHROPODA","CUMACEA","CUMACEA","DIASTYLIS SP",19,101,276,965,13,32,361,1,17,17
"FISH","GADIDAE","GADIDAE","GADIDAE",19,101,276,965,57,190,212,13,15,2
"FISH","GADIDAE","ENCHELYOPUS CIMBRIUS","ENCHELYOPUS CIMBRIUS",19,101,276,965,57,190,212,13,15,1
"ANNELIDA","ANNELIDA","POLYCHAETA","PECTINARIIDAE",19,101,276,965,1,4,135,4,135,131
"MOLLUSCA","SCAPHOPODA","SCAPHOPODA","SCAPHOPODA",19,101,276,965,6,20,130,1,2,2
"BRYOZOA","BRYOZOA","BRYOZOA","BRYOZOA",19,101,276,965,1,1,1,1,1,1
"ARTHROPODA","DECAPODA","DECAPODA SHRIMP","SPIRONTOCARIS SPINUS",19,101,276,965,13,32,361,12,116,36
"ARTHROPODA","DECAPODA","DECAPODA SHRIMP","SPIRONTOCARIS SP",19,101,276,965,13,32,361,12,116,36
"FISH","COTTIDAE","MYOXOCEPHALUS SCORPIUS","MYOXOCEPHALUS SCORPIUS",19,101,276,965,57,190,212,10,10,1
"UROCHORDATA","LARVACEANS","LARVACEANS","LARVACEA",19,101,276,965,3,3,8,1,4,4
"FISH","MYCTOPHIDAE","DIAPHUS EFFUGENS","DIAPHUS EFFULGENS",19,101,276,965,57,190,212,2,2,1
"ANNELIDA","ANNELIDA","POLYCHAETA","EUNICE PENNATA",19,101,276,965,1,4,135,4,135,131
"ARTHROPODA","ISOPODA","ISOPODA","JAERA SP",19,101,276,965,13,32,361,1,27,27
"ECHINODERMATA","HOLOTHUROIDEA","HOLOTHUROIDEA","PSOLUS SP",19,101,276,965,6,7,39,1,6,6
"ECHINODERMATA","OPHIUROIDEA","OPHIUROIDEA","OPHIOPHOLIS ACULEATA",19,101,276,965,6,7,39,1,16,16
"ARTHROPODA","DECAPODA","PANDALIDAE","PANDALUS MONTAGUI",19,101,276,965,13,32,361,12,116,6
"ECHINODERMATA","OPHIUROIDEA","OPHIUROIDEA","OPHIURA SARSI",19,101,276,965,6,7,39,1,16,16
"ARTHROPODA","ISOPODA","ISOPODA","ANTHURIDAE",19,101,276,965,13,32,361,1,27,27
"ECHINODERMATA","OPHIUROIDEA","OPHIUROIDEA","OPHIURA SP",19,101,276,965,6,7,39,1,16,16
"ECHINODERMATA","ASTEROIDEA","ASTEROIDEA","ASTEROIDEA",19,101,276,965,6,7,39,1,6,6
"UROCHORDATA","LARVACEANS","LARVACEANS","OIKOPLEURA SP",19,101,276,965,3,3,8,1,4,4
"ECHINODERMATA","ECHINOIDEA","ECHINOIDEA","STRONGYLOCENTROTUS DROEBACHIENSIS",19,101,276,965,6,7,39,2,9,7
"FISH","COTTIDAE","ARTEDIELLUS UNCINATUS","ARTEDIELLUS UNCINATUS",19,101,276,965,57,190,212,10,10,1
"ARTHROPODA","AMPHIPODA","HYPERIIDAE","HYPERIIDAE",19,101,276,965,13,32,361,4,147,10
"ARTHROPODA","DECAPODA","PANDALIDAE","PANDALUS BOREALIS",19,101,276,965,13,32,361,12,116,6
"CNIDARIA","CNIDARIA","CNIDARIA","CNIDARIA",19,101,276,965,1,4,20,4,20,1
"ARTHROPODA","AMPHIPODA","GAMMARIDEA","AMPELISCA SP",19,101,276,965,13,32,361,4,147,132
"MOLLUSCA","CEPHALOPODA","LOLIGO SP","LOLIGO SP",19,101,276,965,6,20,130,10,18,3
"ARTHROPODA","EUPHAUSIACEA","EUPHAUSIACEA","EUPHAUSIA KROHNI",19,101,276,965,13,32,361,1,11,11
"ARTHROPODA","AMPHIPODA","HYPERIIDAE","PARATHEMISTO SP",19,101,276,965,13,32,361,4,147,10
"ARTHROPODA","MYSIDACEA","MYSIDACEA","ERYTHROPS ERYTHROPHTHALMA",19,101,276,965,13,32,361,1,9,9
"FISH","OPHIDIIDAE","OPHIDIIDAE","OPHIDIIDAE",19,101,276,965,57,190,212,6,6,1
"ARTHROPODA","EUPHAUSIACEA","EUPHAUSIACEA","EUPHAUSIA SP",19,101,276,965,13,32,361,1,11,11
"MOLLUSCA","CEPHALOPODA","SEPIOLIDAE","SEPIOLIDAE",19,101,276,965,6,20,130,10,18,2
"ANNELIDA","ANNELIDA","APHRODITIDAE","APHRODITA HASTATA",19,101,276,965,1,4,135,4,135,2
"ANNELIDA","ANNELIDA","POLYCHAETA","NEREIS SP",19,101,276,965,1,4,135,4,135,131
"OTHER","OTHER","OTHER","FORAMINIFERIDA",19,101,276,965,1,2,14,2,14,13
"ARTHROPODA","DECAPODA","PANDALIDAE","PANDALUS SP",19,101,276,965,13,32,361,12,116,6
"ANNELIDA","ANNELIDA","POLYCHAETA","SIGALIONIDAE",19,101,276,965,1,4,135,4,135,131
"ARTHROPODA","AMPHIPODA","GAMMARIDEA","MELITA DENTATA",19,101,276,965,13,32,361,4,147,132
"ARTHROPODA","DECAPODA","DECAPODA CRAB","PORTUNUS SP",19,101,276,965,13,32,361,12,116,35
"FISH","PLEURONECTIFORMES","PLEURONECTIFORMES","PLEURONECTIFORMES",19,101,276,965,57,190,212,1,1,1
"MOLLUSCA","MOLLUSCA","MOLLUSCA","MOLLUSCA SHELL",19,101,276,965,6,20,130,1,4,4
"ARTHROPODA","DECAPODA","CANCRIDAE","CANCER SP",19,101,276,965,13,32,361,12,116,4
"ARTHROPODA","AMPHIPODA","GAMMARIDEA","PODOCERIDAE",19,101,276,965,13,32,361,4,147,132
"MOLLUSCA","BIVALVIA","PECTINIDAE","CHLAMYS SP",19,101,276,965,6,20,130,5,66,7
"MOLLUSCA","BIVALVIA","BIVALVIA","CERASTODERMA PINNULATUM",19,101,276,965,6,20,130,5,66,56
"ANNELIDA","ANNELIDA","POLYCHAETA","CAPITELLIDAE",19,101,276,965,1,4,135,4,135,131
"ARTHROPODA","AMPHIPODA","GAMMARIDEA","TIRONIDAE",19,101,276,965,13,32,361,4,147,132
"ARTHROPODA","DECAPODA","DECAPODA SHRIMP","HIPPOLYTIDAE",19,101,276,965,13,32,361,12,116,36
"ARTHROPODA","PYCNOGONIDA","PYCNOGONIDA","PYCNOGONIDA",19,101,276,965,13,32,361,1,4,4
"ARTHROPODA","AMPHIPODA","GAMMARIDEA","SYRRHOE CRENULATA",19,101,276,965,13,32,361,4,147,132
"ARTHROPODA","COPEPODA","COPEPODA","CENTROPAGES TYPICUS",19,101,276,965,13,32,361,1,13,13
"ARTHROPODA","CUMACEA","CUMACEA","PSEUDOCUMIDAE",19,101,276,965,13,32,361,1,17,17
"ARTHROPODA","AMPHIPODA","GAMMARIDEA","TIRON SPINIFERUM",19,101,276,965,13,32,361,4,147,132
"ARTHROPODA","COPEPODA","COPEPODA","CALANOIDA",19,101,276,965,13,32,361,1,13,13
"ARTHROPODA","COPEPODA","COPEPODA","CENTROPAGES SP",19,101,276,965,13,32,361,1,13,13
"ARTHROPODA","AMPHIPODA","GAMMARIDEA","EUSIRUS SP",19,101,276,965,13,32,361,4,147,132
"WORMS","WORMS","WORMS","ACANTHOCEPHALA",19,101,276,965,2,3,14,2,13,9
"ARTHROPODA","CUMACEA","CUMACEA","DIASTYLIDAE",19,101,276,965,13,32,361,1,17,17
"ARTHROPODA","AMPHIPODA","GAMMARIDEA","EUSIRIDAE",19,101,276,965,13,32,361,4,147,132
"FISH","GADIDAE","MELANOGRAMMUS AEGLEFINUS","MELANOGRAMMUS AEGLEFINUS",19,101,276,965,57,190,212,13,15,1
"ARTHROPODA","DECAPODA","PANDALIDAE","PANDALUS PROPINQUUS",19,101,276,965,13,32,361,12,116,6
"MOLLUSCA","BIVALVIA","BIVALVIA","NUCULA SP",19,101,276,965,6,20,130,5,66,56
"ARTHROPODA","DECAPODA","DECAPODA LARVAE","DECAPODA LARVAE",19,101,276,965,13,32,361,12,116,6
"ANNELIDA","ANNELIDA","POLYCHAETA","PHYLLODOCE ARENAE",19,101,276,965,1,4,135,4,135,131
"ANNELIDA","ANNELIDA","POLYCHAETA","PHYLLODOCE MACULATA",19,101,276,965,1,4,135,4,135,131
"MOLLUSCA","BIVALVIA","BIVALVIA","TELLINA SP",19,101,276,965,6,20,130,5,66,56
"ANNELIDA","ANNELIDA","POLYCHAETA","HESIONIDAE",19,101,276,965,1,4,135,4,135,131
"ARTHROPODA","CUMACEA","CUMACEA","LEPTOCUMA SP",19,101,276,965,13,32,361,1,17,17
"MOLLUSCA","BIVALVIA","BIVALVIA","ASTARTE UNDATA",19,101,276,965,6,20,130,5,66,56
"FISH","PLEURONECTIDAE","PLEURONECTES AMERICANUS","PSEUDOPLEURONECTES AMERICANUS",19,101,276,965,57,190,212,6,6,1
"FISH","ZOARCIDAE","LYCENCHELYS VERRILLI","LYCENCHELYS VERRILLI",19,101,276,965,57,190,212,4,4,1
"ECHINODERMATA","OPHIUROIDEA","OPHIUROIDEA","AMPHIURIDAE",19,101,276,965,6,7,39,1,16,16
"MOLLUSCA","BIVALVIA","BIVALVIA","BATHYARCA SP",19,101,276,965,6,20,130,5,66,56
"ANNELIDA","ANNELIDA","POLYCHAETA","EUNICE SP",19,101,276,965,1,4,135,4,135,131
"ANNELIDA","ANNELIDA","POLYCHAETA","SYLLIDAE",19,101,276,965,1,4,135,4,135,131
"ANNELIDA","ANNELIDA","POLYCHAETA","EUNICIDAE",19,101,276,965,1,4,135,4,135,131
"ARTHROPODA","AMPHIPODA","GAMMARIDEA","ATYLIDAE",19,101,276,965,13,32,361,4,147,132
"ARTHROPODA","AMPHIPODA","GAMMARIDEA","PARDALISCIDAE",19,101,276,965,13,32,361,4,147,132
"ARTHROPODA","ARTHROPODA","OSTRACODA","OSTRACODA",19,101,276,965,13,32,361,3,3,1
"ARTHROPODA","AMPHIPODA","GAMMARIDEA","AMPELISCA ESCHRICHTI",19,101,276,965,13,32,361,4,147,132
"MOLLUSCA","BIVALVIA","BIVALVIA","YOLDIA SP",19,101,276,965,6,20,130,5,66,56
"ARTHROPODA","AMPHIPODA","GAMMARIDEA","HAPLOOPS SETOSA",19,101,276,965,13,32,361,4,147,132
"ARTHROPODA","AMPHIPODA","GAMMARIDEA","HAPLOOPS TUBICOLA",19,101,276,965,13,32,361,4,147,132
"ARTHROPODA","AMPHIPODA","GAMMARIDEA","MAERA SP",19,101,276,965,13,32,361,4,147,132
"ARTHROPODA","CRUSTACEA","CRUSTACEAN LARVAE","CRUSTACEA LARVAE",19,101,276,965,13,32,361,4,5,1
"FISH","ANGUILLIFORMES","NEMICHTHYS SCOLOPACEUS","NEMICHTHYS SCOLOPACEUS",19,101,276,965,57,190,212,8,8,1
"CNIDARIA","CNIDARIA","HYDROZOA","HYDROZOA",19,101,276,965,1,4,20,4,20,8
"ANNELIDA","ANNELIDA","POLYCHAETA","OPHELIA SP",19,101,276,965,1,4,135,4,135,131
"ANNELIDA","ANNELIDA","POLYCHAETA","TRICHOBRANCHIDAE",19,101,276,965,1,4,135,4,135,131
"ANNELIDA","ANNELIDA","POLYCHAETA","PRAXILLELLA SP",19,101,276,965,1,4,135,4,135,131
"ANNELIDA","ANNELIDA","POLYCHAETA","THARYX SP",19,101,276,965,1,4,135,4,135,131
"ARTHROPODA","DECAPODA","DECAPODA CRAB","MUNIDA SP",19,101,276,965,13,32,361,12,116,35
"ARTHROPODA","AMPHIPODA","CAPRELLIDAE","AEGINELLA SPINOSA",19,101,276,965,13,32,361,4,147,4
"ANNELIDA","ANNELIDA","POLYCHAETA","PHYLLODOCE SP",19,101,276,965,1,4,135,4,135,131
"ANIMAL REMAINS","ANIMAL REMAINS","ANIMAL REMAINS","ANIMAL EGGS",19,101,276,965,1,1,4,1,4,4
"ANNELIDA","ANNELIDA","POLYCHAETA","SPHAERODORIDAE",19,101,276,965,1,4,135,4,135,131
"ANNELIDA","ANNELIDA","POLYCHAETA","ARCHIANNELIDA",19,101,276,965,1,4,135,4,135,131
"ANNELIDA","ANNELIDA","POLYCHAETA","PARANINOE BREVIPES",19,101,276,965,1,4,135,4,135,131
"ARTHROPODA","AMPHIPODA","GAMMARIDEA","COROPHIUM SP",19,101,276,965,13,32,361,4,147,132
"ARTHROPODA","CUMACEA","CUMACEA","DIASTYLIS SCULPTA",19,101,276,965,13,32,361,1,17,17
"ARTHROPODA","AMPHIPODA","GAMMARIDEA","DULICHIA PORRECTA",19,101,276,965,13,32,361,4,147,132
"CNIDARIA","CNIDARIA","ANTHOZOA","ACTINIARIA",19,101,276,965,1,4,20,4,20,8
"ARTHROPODA","DECAPODA","DECAPODA CRAB","MUNIDA IRIS",19,101,276,965,13,32,361,12,116,35
"ARTHROPODA","AMPHIPODA","GAMMARIDEA","CALLIOPIUS LAEVIUSCULUS",19,101,276,965,13,32,361,4,147,132
"MOLLUSCA","GASTROPODA","GASTROPODA","GASTROPODA OPERCULUM",19,101,276,965,6,20,130,2,38,33
"ARTHROPODA","EUPHAUSIACEA","EUPHAUSIACEA","THYSANOESSA SP",19,101,276,965,13,32,361,1,11,11
"MOLLUSCA","POLYPLACOPHORA","POLYPLACOPHORA","POLYPLACOPHORA",19,101,276,965,6,20,130,1,2,2
"ARTHROPODA","DECAPODA","DECAPODA SHRIMP","PASIPHAEIDAE",19,101,276,965,13,32,361,12,116,36
"UROCHORDATA","LARVACEANS","LARVACEANS","THALIACEA",19,101,276,965,3,3,8,1,4,4
"ARTHROPODA","AMPHIPODA","GAMMARIDEA","RHACHOTROPIS SP",19,101,276,965,13,32,361,4,147,132
"BRACHIOPODA","BRACHIOPODA","BRACHIOPODA","BRACHIOPODA",19,101,276,965,1,1,1,1,1,1
"MOLLUSCA","GASTROPODA","PTEROPODA","THECOSOMATA",19,101,276,965,6,20,130,2,38,5
"MOLLUSCA","BIVALVIA","BIVALVIA","NUCULANA PERNULA",19,101,276,965,6,20,130,5,66,56
"ANNELIDA","ANNELIDA","POLYCHAETA","NEREIS SUCCINEA",19,101,276,965,1,4,135,4,135,131
"FISH","GADIDAE","UROPHYCIS TENUIS","UROPHYCIS TENUIS",19,101,276,965,57,190,212,13,15,1
"ARTHROPODA","DECAPODA","DECAPODA SHRIMP","LEBBEUS POLARIS",19,101,276,965,13,32,361,12,116,36
"ARTHROPODA","AMPHIPODA","GAMMARIDEA","BYBLIS SP",19,101,276,965,13,32,361,4,147,132
"ARTHROPODA","AMPHIPODA","CAPRELLIDAE","AEGININA LONGICORNIS",19,101,276,965,13,32,361,4,147,4
"ARTHROPODA","AMPHIPODA","GAMMARIDEA","AMPELISCA SPINIPES",19,101,276,965,13,32,361,4,147,132
"ARTHROPODA","CUMACEA","CUMACEA","LAMPROPIDAE",19,101,276,965,13,32,361,1,17,17
"ARTHROPODA","AMPHIPODA","GAMMARIDEA","LEPTOCHEIRUS SP",19,101,276,965,13,32,361,4,147,132
"ARTHROPODA","STOMATOPODA","STOMATOPODA","STOMATOPODA",19,101,276,965,13,32,361,1,5,5
"ANNELIDA","ANNELIDA","POLYCHAETA","PHERUSA SP",19,101,276,965,1,4,135,4,135,131
"ARTHROPODA","AMPHIPODA","GAMMARIDEA","PARAHAUSTORIUS ATTENUATUS",19,101,276,965,13,32,361,4,147,132
"FISH","OTHER FISH","SCOMBERESOX SAURUS","SCOMBERESOX SAURUS",19,101,276,965,57,190,212,25,26,1
"ARTHROPODA","AMPHIPODA","GAMMARIDEA","MONOCULODES SP",19,101,276,965,13,32,361,4,147,132
"ARTHROPODA","DECAPODA","PAGUROIDEA","PAGURUS PUBESCENS",19,101,276,965,13,32,361,12,116,10
"ARTHROPODA","ISOPODA","ISOPODA","JAERA MARINA",19,101,276,965,13,32,361,1,27,27
"ARTHROPODA","AMPHIPODA","GAMMARIDEA","PLEUSTES PANOPLUS",19,101,276,965,13,32,361,4,147,132
"ARTHROPODA","DECAPODA","DECAPODA SHRIMP","LEBBEUS SP",19,101,276,965,13,32,361,12,116,36
"MOLLUSCA","GASTROPODA","GASTROPODA","CYCLOSTREMATIDAE",19,101,276,965,6,20,130,2,38,33
"FISH","COTTIDAE","MYOXOCEPHALUS OCTODECEMSPINOSUS","MYOXOCEPHALUS OCTODECEMSPINOSUS",19,101,276,965,57,190,212,10,10,1
"MOLLUSCA","CEPHALOPODA","OCTOPODA","OCTOPODA",19,101,276,965,6,20,130,10,18,3
"ANNELIDA","ANNELIDA","POLYCHAETA","PECTINARIA SP",19,101,276,965,1,4,135,4,135,131
"MOLLUSCA","BIVALVIA","BIVALVIA","MYONERA LAMELLIFERA",19,101,276,965,6,20,130,5,66,56
"ARTHROPODA","DECAPODA","CRANGONIDAE","PONTOPHILUS NORVEGICUS",19,101,276,965,13,32,361,12,116,8
"ANNELIDA","ANNELIDA","POLYCHAETA","PECTINARIA GOULDI",19,101,276,965,1,4,135,4,135,131
"ANNELIDA","ANNELIDA","POLYCHAETA","TRAVISIA SP",19,101,276,965,1,4,135,4,135,131
"FISH","GADIDAE","POLLACHIUS VIRENS","POLLACHIUS VIRENS",19,101,276,965,57,190,212,13,15,1
"OTHER","OTHER","OTHER","AVES FEATHERS",19,101,276,965,1,2,14,2,14,13
"FISH","AMMODYTIDAE","AMMODYTES SP","AMMODYTES SP",19,101,276,965,57,190,212,1,1,1
"FISH","BOTHIDAE","BOTHIDAE","BOTHIDAE",19,101,276,965,57,190,212,9,9,1
"FISH","FISH EGGS","FISH EGGS","FISH EGGS",19,101,276,965,57,190,212,2,8,7
"ANNELIDA","ANNELIDA","POLYCHAETA","PHERUSA ARENOSA",19,101,276,965,1,4,135,4,135,131
"ANNELIDA","ANNELIDA","POLYCHAETA","ARABELLA IRICOLOR",19,101,276,965,1,4,135,4,135,131
"ANNELIDA","ANNELIDA","POLYCHAETA","CLYMENELLA TORQUATA",19,101,276,965,1,4,135,4,135,131
"ARTHROPODA","ISOPODA","ISOPODA","CIROLANA BOREALIS",19,101,276,965,13,32,361,1,27,27
"ARTHROPODA","AMPHIPODA","GAMMARIDEA","LYSIANOPSIS ALBA",19,101,276,965,13,32,361,4,147,132
"ARTHROPODA","DECAPODA","DECAPODA CRAB","PORTUNIDAE",19,101,276,965,13,32,361,12,116,35
"ANNELIDA","ANNELIDA","POLYCHAETA","POLYDORA SP",19,101,276,965,1,4,135,4,135,131
"ANNELIDA","ANNELIDA","POLYCHAETA","MYXICOLA INFUNDIBULUM",19,101,276,965,1,4,135,4,135,131
"ANNELIDA","ANNELIDA","OLIGOCHAETA","OLIGOCHAETA",19,101,276,965,1,4,135,4,135,1
"ARTHROPODA","ISOPODA","ISOPODA","CHIRIDOTEA ALMYRA",19,101,276,965,13,32,361,1,27,27
"ANNELIDA","ANNELIDA","POLYCHAETA","ARICIDEA SP",19,101,276,965,1,4,135,4,135,131
"ARTHROPODA","CUMACEA","CUMACEA","DIASTYLIS POLITA",19,101,276,965,13,32,361,1,17,17
"ARTHROPODA","AMPHIPODA","GAMMARIDEA","UNCIOLA SERRATA",19,101,276,965,13,32,361,4,147,132
"MOLLUSCA","BIVALVIA","BIVALVIA","CRENELLA GLANDULA",19,101,276,965,6,20,130,5,66,56
"MOLLUSCA","BIVALVIA","BIVALVIA","YOLDIA SAPOTILLA",19,101,276,965,6,20,130,5,66,56
"ARTHROPODA","AMPHIPODA","GAMMARIDEA","GAMMARUS SP",19,101,276,965,13,32,361,4,147,132
"ANNELIDA","ANNELIDA","POLYCHAETA","OPHELIA DENTICULATA",19,101,276,965,1,4,135,4,135,131
"ANNELIDA","ANNELIDA","POLYCHAETA","ETEONE LONGA",19,101,276,965,1,4,135,4,135,131
"MOLLUSCA","GASTROPODA","GASTROPODA","COLUS SP",19,101,276,965,6,20,130,2,38,33
"ARTHROPODA","DECAPODA","HOMARUS AMERICANUS","HOMARUS AMERICANUS",19,101,276,965,13,32,361,12,116,2
"MOLLUSCA","CEPHALOPODA","SEMIROSSIA TENERA","SEMIROSSIA TENERA",19,101,276,965,6,20,130,10,18,1
"ARTHROPODA","AMPHIPODA","GAMMARIDEA","GAMMARUS ANNULATUS",19,101,276,965,13,32,361,4,147,132
"ARTHROPODA","CUMACEA","CUMACEA","LAMPROPS SP",19,101,276,965,13,32,361,1,17,17
"ARTHROPODA","AMPHIPODA","GAMMARIDEA","ERICTHONIUS BRASILIENSIS",19,101,276,965,13,32,361,4,147,132
"ARTHROPODA","AMPHIPODA","GAMMARIDEA","SYNCHELIDIUM SP",19,101,276,965,13,32,361,4,147,132
"FISH","BOTHIDAE","PARALICHTHYS DENTATUS","PARALICHTHYS DENTATUS",19,101,276,965,57,190,212,9,9,1
"ARTHROPODA","AMPHIPODA","GAMMARIDEA","CALLIOPIIDAE",19,101,276,965,13,32,361,4,147,132
"ARTHROPODA","AMPHIPODA","GAMMARIDEA","STENOPLEUSTES GRACILIS",19,101,276,965,13,32,361,4,147,132
"ARTHROPODA","AMPHIPODA","GAMMARIDEA","PHOXOCEPHALUS SP",19,101,276,965,13,32,361,4,147,132
"ARTHROPODA","AMPHIPODA","GAMMARIDEA","RHACHOTROPIS ACULEATA",19,101,276,965,13,32,361,4,147,132
"ARTHROPODA","AMPHIPODA","GAMMARIDEA","MAERA DANAE",19,101,276,965,13,32,361,4,147,132
"MOLLUSCA","BIVALVIA","BIVALVIA","LIMATULA SUBAURICULATA",19,101,276,965,6,20,130,5,66,56
"MOLLUSCA","BIVALVIA","PECTINIDAE","PLACOPECTEN MAGELLANICUS",19,101,276,965,6,20,130,5,66,7
"FISH","COTTIDAE","COTTIDAE","COTTIDAE",19,101,276,965,57,190,212,10,10,1
"ARTHROPODA","DECAPODA","DECAPODA CRAB","MUNIDOPSIS SP",19,101,276,965,13,32,361,12,116,35
"ANNELIDA","ANNELIDA","POLYCHAETA","EXOGONE SP",19,101,276,965,1,4,135,4,135,131
"ARTHROPODA","AMPHIPODA","GAMMARIDEA","ANONYX SP",19,101,276,965,13,32,361,4,147,132
"ARTHROPODA","AMPHIPODA","GAMMARIDEA","GAMMARUS MUCRONATUS",19,101,276,965,13,32,361,4,147,132
"ANNELIDA","ANNELIDA","POLYCHAETA","SERPULIDAE",19,101,276,965,1,4,135,4,135,131
"ARTHROPODA","DECAPODA","DECAPODA SHRIMP","PASIPHAEA TARDA",19,101,276,965,13,32,361,12,116,36
"ARTHROPODA","AMPHIPODA","GAMMARIDEA","ISCHYROCERUS SP",19,101,276,965,13,32,361,4,147,132
"FISH","OTHER FISH","MAUROLICUS MUELLERI","MAUROLICUS WEITZMANI",19,101,276,965,57,190,212,25,26,1
"ANNELIDA","ANNELIDA","POLYCHAETA","MARPHYSA BELLI",19,101,276,965,1,4,135,4,135,131
"ARTHROPODA","STOMATOPODA","STOMATOPODA","TANAIDAE",19,101,276,965,13,32,361,1,5,5
"ANNELIDA","ANNELIDA","POLYCHAETA","TOMOPTERIS SP",19,101,276,965,1,4,135,4,135,131
"MOLLUSCA","BIVALVIA","BIVALVIA","YOLDIA LIMATULA",19,101,276,965,6,20,130,5,66,56
"ANNELIDA","ANNELIDA","POLYCHAETA","LAETMONICE FILICORNIS",19,101,276,965,1,4,135,4,135,131
"ARTHROPODA","ISOPODA","ISOPODA","LIGIA SP",19,101,276,965,13,32,361,1,27,27
"ARTHROPODA","DECAPODA","PAGUROIDEA","PAGURUS POLITUS",19,101,276,965,13,32,361,12,116,10
"ARTHROPODA","DECAPODA","DECAPODA SHRIMP","AXIIDAE",19,101,276,965,13,32,361,12,116,36
"ARTHROPODA","CUMACEA","CUMACEA","DIASTYLIS QUADRISPINOSA",19,101,276,965,13,32,361,1,17,17
"FISH","COTTIDAE","TRIGLOPS MURRAYI","TRIGLOPS MURRAYI",19,101,276,965,57,190,212,10,10,1
"ARTHROPODA","AMPHIPODA","GAMMARIDEA","ORCHOMENELLA PINGUIS",19,101,276,965,13,32,361,4,147,132
"ARTHROPODA","AMPHIPODA","GAMMARIDEA","PSEUDUNCIOLA OBLIQUUA",19,101,276,965,13,32,361,4,147,132
"ANNELIDA","ANNELIDA","POLYCHAETA","AMPHINOMIDAE",19,101,276,965,1,4,135,4,135,131
"ARTHROPODA","ISOPODA","ISOPODA","IDOTEA SP",19,101,276,965,13,32,361,1,27,27
"ANNELIDA","ANNELIDA","POLYCHAETA","EUPHROSINIDAE",19,101,276,965,1,4,135,4,135,131
"ARTHROPODA","AMPHIPODA","GAMMARIDEA","COROPHIUM ACUTUM",19,101,276,965,13,32,361,4,147,132
"ARTHROPODA","AMPHIPODA","GAMMARIDEA","AMPELISCA ABDITA",19,101,276,965,13,32,361,4,147,132
"WORMS","WORMS","WORMS","PRIAPULUS CAUDATUS",19,101,276,965,2,3,14,2,13,9
"ARTHROPODA","AMPHIPODA","GAMMARIDEA","AMPITHOE SP",19,101,276,965,13,32,361,4,147,132
"ARTHROPODA","AMPHIPODA","GAMMARIDEA","PAROEDICEROS SP",19,101,276,965,13,32,361,4,147,132
"ARTHROPODA","AMPHIPODA","GAMMARIDEA","ACANTHOHAUSTORIUS MILLSI",19,101,276,965,13,32,361,4,147,132
"ARTHROPODA","AMPHIPODA","GAMMARIDEA","PARAHAUSTORIUS SP",19,101,276,965,13,32,361,4,147,132
"ARTHROPODA","AMPHIPODA","GAMMARIDEA","PROTOHAUSTORIUS WIGLEYI",19,101,276,965,13,32,361,4,147,132
"ARTHROPODA","AMPHIPODA","GAMMARIDEA","PSEUDOHAUSTORIUS CAROLINIENSIS",19,101,276,965,13,32,361,4,147,132
"MOLLUSCA","GASTROPODA","GASTROPODA","BUCCINIDAE",19,101,276,965,6,20,130,2,38,33
"ARTHROPODA","DECAPODA","CRANGONIDAE","SCLEROCRANGON BOREAS",19,101,276,965,13,32,361,12,116,8
"FISH","FISH EGGS","FISH EGGS","COTTIDAE EGGS",19,101,276,965,57,190,212,2,8,7
"ARTHROPODA","DECAPODA","CRANGONIDAE","SABINEA SP",19,101,276,965,13,32,361,12,116,8
"ARTHROPODA","DECAPODA","DECAPODA SHRIMP","LEBBEUS GROENLANDICUS",19,101,276,965,13,32,361,12,116,36
"ARTHROPODA","DECAPODA","PAGUROIDEA","PAGURUS ARCUATUS",19,101,276,965,13,32,361,12,116,10
"ARTHROPODA","EUPHAUSIACEA","EUPHAUSIACEA","THYSANOESSA INERMIS",19,101,276,965,13,32,361,1,11,11
"ANNELIDA","ANNELIDA","POLYCHAETA","ONUPHIS OPALINA",19,101,276,965,1,4,135,4,135,131
"FISH","SPARIDAE","STENOTOMUS CHRYSOPS","STENOTOMUS CHRYSOPS",19,101,276,965,57,190,212,1,1,1
"ARTHROPODA","AMPHIPODA","GAMMARIDEA","HAPLOOPS SP",19,101,276,965,13,32,361,4,147,132
"ARTHROPODA","AMPHIPODA","GAMMARIDEA","BATHYPOREIA QUODDYENSIS",19,101,276,965,13,32,361,4,147,132
"ARTHROPODA","DECAPODA","DECAPODA CRAB","OVALIPES OCELLATUS",19,101,276,965,13,32,361,12,116,35
"FISH","PLEURONECTIDAE","HIPPOGLOSSOIDES PLATESSOIDES","HIPPOGLOSSOIDES PLATESSOIDES",19,101,276,965,57,190,212,6,6,1
"MOLLUSCA","BIVALVIA","BIVALVIA","ANADARA SP",19,101,276,965,6,20,130,5,66,56
"CNIDARIA","CNIDARIA","HYDROZOA","SIPHONOPHORA",19,101,276,965,1,4,20,4,20,8
"WORMS","WORMS","WORMS","PHASCOLION STROMBI",19,101,276,965,2,3,14,2,13,9
"MOLLUSCA","BIVALVIA","BIVALVIA","LUCINIDAE",19,101,276,965,6,20,130,5,66,56
"MOLLUSCA","BIVALVIA","BIVALVIA","MULINIA LATERALIS",19,101,276,965,6,20,130,5,66,56
"MOLLUSCA","CEPHALOPODA","LOLLIGUNCULA BREVIS","LOLLIGUNCULA BREVIS",19,101,276,965,6,20,130,10,18,1
"FISH","SOLEIDAE","SYMPHURUS SP","SYMPHURUS SP",19,101,276,965,57,190,212,4,4,1
"FISH","GADIDAE","UROPHYCIS REGIA","UROPHYCIS REGIA",19,101,276,965,57,190,212,13,15,1
"CTENOPHORA","CTENOPHORA","CTENOPHORA","CTENOPHORA",19,101,276,965,1,1,3,1,3,3
"FISH","CLUPEIDAE","ETRUMEUS TERES","ETRUMEUS TERES",19,101,276,965,57,190,212,8,10,1
"FISH","SERRANIDAE","SERRANIDAE","SERRANIDAE",19,101,276,965,57,190,212,4,4,1
"ARTHROPODA","DECAPODA","PAGUROIDEA","CATAPAGURUS SP",19,101,276,965,13,32,361,12,116,10
"ARTHROPODA","AMPHIPODA","GAMMARIDEA","JASSA FALCATA",19,101,276,965,13,32,361,4,147,132
"ANNELIDA","ANNELIDA","POLYCHAETA","TOMOPTERIS HELGOLANDICA",19,101,276,965,1,4,135,4,135,131
"ANNELIDA","ANNELIDA","POLYCHAETA","CHONE INFUNDIBULIFORMIS",19,101,276,965,1,4,135,4,135,131
"ARTHROPODA","AMPHIPODA","GAMMARIDEA","GAMMARUS LAWRENCIANUS",19,101,276,965,13,32,361,4,147,132
"ANNELIDA","ANNELIDA","POLYCHAETA","GONIADA MACULATA",19,101,276,965,1,4,135,4,135,131
"ANNELIDA","ANNELIDA","POLYCHAETA","AMPHARETE ACUTIFRONS",19,101,276,965,1,4,135,4,135,131
"ARTHROPODA","AMPHIPODA","GAMMARIDEA","HIPPOMEDON SP",19,101,276,965,13,32,361,4,147,132
"ANNELIDA","ANNELIDA","POLYCHAETA","NINOE NIGRIPES",19,101,276,965,1,4,135,4,135,131
"ANNELIDA","ANNELIDA","POLYCHAETA","TEREBELLIDES STROEMII",19,101,276,965,1,4,135,4,135,131
"ARTHROPODA","DECAPODA","DECAPODA SHRIMP","HIPPOLYTE SP",19,101,276,965,13,32,361,12,116,36
"MOLLUSCA","POLYPLACOPHORA","POLYPLACOPHORA","CHITON TUBERCULATUS",19,101,276,965,6,20,130,1,2,2
"ARTHROPODA","AMPHIPODA","GAMMARIDEA","PODOCEROPSIS SP",19,101,276,965,13,32,361,4,147,132
"ANNELIDA","ANNELIDA","POLYCHAETA","GLYCERA CAPITATA",19,101,276,965,1,4,135,4,135,131
"ANNELIDA","ANNELIDA","POLYCHAETA","GLYCERA SP",19,101,276,965,1,4,135,4,135,131
"ANNELIDA","ANNELIDA","POLYCHAETA","SPIOPHANES SP",19,101,276,965,1,4,135,4,135,131
"ARTHROPODA","CIRRIPEDIA","CIRRIPEDIA","CIRRIPEDIA",19,101,276,965,13,32,361,1,3,3
"ANIMAL REMAINS","ANIMAL REMAINS","ANIMAL REMAINS","FECAL REMAINS",19,101,276,965,1,1,4,1,4,4
"ARTHROPODA","ISOPODA","ISOPODA","POLITOLANA CONCHARUM",19,101,276,965,13,32,361,1,27,27
"ARTHROPODA","AMPHIPODA","GAMMARIDEA","DULICHIA SP",19,101,276,965,13,32,361,4,147,132
"ARTHROPODA","MYSIDACEA","MYSIDACEA","PSEUDOMMA AFFINE",19,101,276,965,13,32,361,1,9,9
"ARTHROPODA","AMPHIPODA","GAMMARIDEA","PHOTIS SP",19,101,276,965,13,32,361,4,147,132
"CHAETOGNATHA","CHAETOGNATHA","CHAETOGNATHA","SAGITTA ELEGANS",19,101,276,965,1,1,3,1,3,3
"ARTHROPODA","EUPHAUSIACEA","EUPHAUSIACEA","STYLOCHEIRON SP",19,101,276,965,13,32,361,1,11,11
"ANNELIDA","ANNELIDA","POLYCHAETA","TOMOPTERIDAE",19,101,276,965,1,4,135,4,135,131
"ARTHROPODA","DECAPODA","DECAPODA SHRIMP","LEANDER TENUICORNIS",19,101,276,965,13,32,361,12,116,36
"ARTHROPODA","DECAPODA","DECAPODA SHRIMP","PALAEMONIDAE",19,101,276,965,13,32,361,12,116,36
"ARTHROPODA","AMPHIPODA","GAMMARIDEA","STEGOCEPHALUS INFLATUS",19,101,276,965,13,32,361,4,147,132
"ARTHROPODA","MYSIDACEA","MYSIDACEA","MYSIS SP",19,101,276,965,13,32,361,1,9,9
"FISH","OTHER FISH","PHOLIS GUNNELLUS","PHOLIS GUNNELLUS",19,101,276,965,57,190,212,25,26,1
"ARTHROPODA","AMPHIPODA","HYPERIIDAE","THEMISTO GAUDICHAUDII",19,101,276,965,13,32,361,4,147,10
"UROCHORDATA","UROCHORDATA","UROCHORDATA","UROCHORDATA",19,101,276,965,3,3,8,1,1,1
"FISH","ANARHICHADIDAE","ANARHICHAS LUPUS","ANARHICHAS LUPUS",19,101,276,965,57,190,212,1,1,1
"MOLLUSCA","BIVALVIA","BIVALVIA","GEUKENSIA SP",19,101,276,965,6,20,130,5,66,56
"FISH","RAJIFORMES","RAJA SP","RAJA SP",19,101,276,965,57,190,212,6,6,1
"ARTHROPODA","CRUSTACEA","CRUSTACEAN EGGS","CRUSTACEA EGGS",19,101,276,965,13,32,361,4,5,1
"CNIDARIA","CNIDARIA","HYDROZOA","SERTULARIA SP",19,101,276,965,1,4,20,4,20,8
"ANNELIDA","ANNELIDA","POLYCHAETA","DRILONEREIS SP",19,101,276,965,1,4,135,4,135,131
"MOLLUSCA","CEPHALOPODA","ILLEX SP","ILLEX SP",19,101,276,965,6,20,130,10,18,1
"UROCHORDATA","LARVACEANS","LARVACEANS","SALPIDAE",19,101,276,965,3,3,8,1,4,4
"ARTHROPODA","COPEPODA","COPEPODA","CALANUS FINMARCHICUS",19,101,276,965,13,32,361,1,13,13
"FISH","OTHER FISH","ULVARIA SUBBIFURCATA","ULVARIA SUBBIFURCATA",19,101,276,965,57,190,212,25,26,1
"FISH","FISH LARVAE","FISH LARVAE","FISH LARVAE",19,101,276,965,57,190,212,2,12,11
"FISH","ENGRAULIDAE","ANCHOA MITCHILLI","ANCHOA MITCHILLI",19,101,276,965,57,190,212,5,5,1
"ANNELIDA","ANNELIDA","POLYCHAETA","AMPHARETE SP",19,101,276,965,1,4,135,4,135,131
"ARTHROPODA","CUMACEA","CUMACEA","EUDORELLA SP",19,101,276,965,13,32,361,1,17,17
"ARTHROPODA","AMPHIPODA","GAMMARIDEA","HARPINIA PROPINQUA",19,101,276,965,13,32,361,4,147,132
"ANNELIDA","ANNELIDA","POLYCHAETA","PHERUSA AFFINIS",19,101,276,965,1,4,135,4,135,131
"ANNELIDA","ANNELIDA","POLYCHAETA","PRIONOSPIO SP",19,101,276,965,1,4,135,4,135,131
"ARTHROPODA","AMPHIPODA","GAMMARIDEA","HARPINIA SP",19,101,276,965,13,32,361,4,147,132
"ANNELIDA","ANNELIDA","POLYCHAETA","PARAONIS SP",19,101,276,965,1,4,135,4,135,131
"ARTHROPODA","AMPHIPODA","GAMMARIDEA","PLEUSTIDAE",19,101,276,965,13,32,361,4,147,132
"ANNELIDA","ANNELIDA","POLYCHAETA","LUMBRINERIS TENUIS",19,101,276,965,1,4,135,4,135,131
"ANNELIDA","ANNELIDA","POLYCHAETA","NEPHTYS SP",19,101,276,965,1,4,135,4,135,131
"ANNELIDA","ANNELIDA","POLYCHAETA","OPHIOGLYCERA GIGANTEA",19,101,276,965,1,4,135,4,135,131
"ARTHROPODA","AMPHIPODA","GAMMARIDEA","PHOTIS DENTATA",19,101,276,965,13,32,361,4,147,132
"ANNELIDA","ANNELIDA","POLYCHAETA","RHODINE LOVENI",19,101,276,965,1,4,135,4,135,131
"ARTHROPODA","AMPHIPODA","GAMMARIDEA","MELITA NITIDA",19,101,276,965,13,32,361,4,147,132
"FISH","GADIDAE","UROPHYCIS SP","UROPHYCIS SP",19,101,276,965,57,190,212,13,15,1
"ANNELIDA","ANNELIDA","POLYCHAETA","POTAMILLA RENIFORMIS",19,101,276,965,1,4,135,4,135,131
"ANIMAL REMAINS","ANIMAL REMAINS","ANIMAL REMAINS","ANIMAL TUBES",19,101,276,965,1,1,4,1,4,4
"MOLLUSCA","GASTROPODA","GASTROPODA","NATICA CLAUSA",19,101,276,965,6,20,130,2,38,33
"MOLLUSCA","GASTROPODA","GASTROPODA","SCAPHANDER PUNCTOSTRIATUS",19,101,276,965,6,20,130,2,38,33
"MOLLUSCA","BIVALVIA","BIVALVIA","YOLDIELLA LUCIDA",19,101,276,965,6,20,130,5,66,56
"ARTHROPODA","EUPHAUSIACEA","EUPHAUSIACEA","NYCTIPHANES COUCHI",19,101,276,965,13,32,361,1,11,11
"CHORDATA","CEPHALOCHORDATA","CEPHALOCHORDATA","BRANCHIOSTOMA SP",19,101,276,965,2,2,2,1,1,1
"FISH","GADIDAE","UROPHYCIS CHUSS","UROPHYCIS CHUSS",19,101,276,965,57,190,212,13,15,1
"CNIDARIA","CNIDARIA","ANTHOZOA","CERIANTHIDAE TUBES",19,101,276,965,1,4,20,4,20,8
"WORMS","WORMS","WORMS","PHASCOLOPSIS GOULDII",19,101,276,965,2,3,14,2,13,9
"MOLLUSCA","CEPHALOPODA","OCTOPODA","OCTOPODA BEAKS",19,101,276,965,6,20,130,10,18,3
"FISH","BOTHIDAE","SCOPHTHALMUS AQUOSUS","SCOPHTHALMUS AQUOSUS",19,101,276,965,57,190,212,9,9,1
"ARTHROPODA","EUPHAUSIACEA","EUPHAUSIACEA","EUPHAUSIIDAE LARVAE",19,101,276,965,13,32,361,1,11,11
"ARTHROPODA","DECAPODA","DECAPODA SHRIMP","NAUSHONIA CRANGONOIDES",19,101,276,965,13,32,361,12,116,36
"ARTHROPODA","DECAPODA","DECAPODA SHRIMP","PALAEMONETES VULGARIS",19,101,276,965,13,32,361,12,116,36
"MISCELLANEOUS","MISCELLANEOUS","MISCELLANEOUS","STYROFOAM",19,101,276,965,1,1,15,1,15,15
"MOLLUSCA","BIVALVIA","BIVALVIA","BATHYARCA PECTUNCULOIDES",19,101,276,965,6,20,130,5,66,56
"MOLLUSCA","GASTROPODA","GASTROPODA","HAMINOEA SP",19,101,276,965,6,20,130,2,38,33
"ARTHROPODA","CUMACEA","CUMACEA","EUDORELLA EMARGINATA",19,101,276,965,13,32,361,1,17,17
"ARTHROPODA","COPEPODA","COPEPODA","CANDACIA ARMATA",19,101,276,965,13,32,361,1,13,13
"ARTHROPODA","EUPHAUSIACEA","EUPHAUSIACEA","THYSANOESSA RASCHII",19,101,276,965,13,32,361,1,11,11
"ARTHROPODA","MYSIDACEA","MYSIDACEA","MYSIS MIXTA",19,101,276,965,13,32,361,1,9,9
"ARTHROPODA","AMPHIPODA","GAMMARIDEA","STENOPLEUSTES SP",19,101,276,965,13,32,361,4,147,132
"ARTHROPODA","COPEPODA","COPEPODA","CYCLOPIDAE",19,101,276,965,13,32,361,1,13,13
"FISH","OTHER FISH","OSTEICHTHYES","OSTEICHTHYES",19,101,276,965,57,190,212,25,26,1
"FISH","BOTHIDAE","CITHARICHTHYS ARCTIFRONS","CITHARICHTHYS ARCTIFRONS",19,101,276,965,57,190,212,9,9,1
"ARTHROPODA","STOMATOPODA","STOMATOPODA","SQUILLA EMPUSA",19,101,276,965,13,32,361,1,5,5
"ANNELIDA","ANNELIDA","POLYCHAETA","NEPHTYS BUCERA",19,101,276,965,1,4,135,4,135,131
"FISH","OTHER FISH","PERCIFORMES","PERCIFORMES",19,101,276,965,57,190,212,25,26,1
"ARTHROPODA","AMPHIPODA","GAMMARIDEA","WESTWOODILLA SP",19,101,276,965,13,32,361,4,147,132
"ANNELIDA","ANNELIDA","POLYCHAETA","GLYCINDE SOLITARIA",19,101,276,965,1,4,135,4,135,131
"ANNELIDA","ANNELIDA","POLYCHAETA","STHENELAIS LIMICOLA",19,101,276,965,1,4,135,4,135,131
"ARTHROPODA","AMPHIPODA","GAMMARIDEA","AMPHIPOREIA GIGANTEA",19,101,276,965,13,32,361,4,147,132
"ARTHROPODA","AMPHIPODA","GAMMARIDEA","AMPHIPOREIA LAWRENCIANA",19,101,276,965,13,32,361,4,147,132
"ARTHROPODA","ISOPODA","ISOPODA","CHIRIDOTEA ARENICOLA",19,101,276,965,13,32,361,1,27,27
"ARTHROPODA","AMPHIPODA","HYPERIIDAE","PHRONIMA SEDENTARIA",19,101,276,965,13,32,361,4,147,10
"ARTHROPODA","AMPHIPODA","GAMMARIDEA","UNCIOLA DISSIMILIS",19,101,276,965,13,32,361,4,147,132
"ECHINODERMATA","OPHIUROIDEA","OPHIUROIDEA","AMPHIPHOLIS SP",19,101,276,965,6,7,39,1,16,16
"MOLLUSCA","BIVALVIA","BIVALVIA","SILIQUA COSTATA",19,101,276,965,6,20,130,5,66,56
"MOLLUSCA","BIVALVIA","BIVALVIA","SOLENIDAE",19,101,276,965,6,20,130,5,66,56
"ARTHROPODA","AMPHIPODA","GAMMARIDEA","HIPPOMEDON PROPINQUUS",19,101,276,965,13,32,361,4,147,132
"ANNELIDA","ANNELIDA","POLYCHAETA","AMPHARETE ARCTICA",19,101,276,965,1,4,135,4,135,131
"ANNELIDA","ANNELIDA","POLYCHAETA","STHENELAIS SP",19,101,276,965,1,4,135,4,135,131
"MOLLUSCA","BIVALVIA","BIVALVIA","ENSIS DIRECTUS",19,101,276,965,6,20,130,5,66,56
"ARTHROPODA","CUMACEA","CUMACEA","LAMPROPS QUADRIPLICATA",19,101,276,965,13,32,361,1,17,17
"ARTHROPODA","DECAPODA","PAGUROIDEA","PAGURUS LONGICARPUS",19,101,276,965,13,32,361,12,116,10
"ANNELIDA","ANNELIDA","POLYCHAETA","AGLAOPHAMUS SP",19,101,276,965,1,4,135,4,135,131
"ARTHROPODA","AMPHIPODA","GAMMARIDEA","AMPITHOE RUBRICATA",19,101,276,965,13,32,361,4,147,132
"ARTHROPODA","AMPHIPODA","GAMMARIDEA","PHOTIDAE",19,101,276,965,13,32,361,4,147,132
"CNIDARIA","CNIDARIA","HYDROZOA","THUIARIA THUJA",19,101,276,965,1,4,20,4,20,8
"ANNELIDA","ANNELIDA","POLYCHAETA","NEPHTYS INCISA",19,101,276,965,1,4,135,4,135,131
"ARTHROPODA","AMPHIPODA","HYPERIIDAE","HYPERIA SP",19,101,276,965,13,32,361,4,147,10
"FISH","MYCTOPHIDAE","MYCTOPHIDAE","MYCTOPHIDAE",19,101,276,965,57,190,212,2,2,1
"ARTHROPODA","AMPHIPODA","GAMMARIDEA","AMPHILOCHIDAE",19,101,276,965,13,32,361,4,147,132
"MOLLUSCA","BIVALVIA","BIVALVIA","ANOMIA SP",19,101,276,965,6,20,130,5,66,56
"ARTHROPODA","ISOPODA","ISOPODA","CALATHURA BRANCHIATA",19,101,276,965,13,32,361,1,27,27
"ECHINODERMATA","OPHIUROIDEA","OPHIUROIDEA","OPHIURA ROBUSTA",19,101,276,965,6,7,39,1,16,16
"ANNELIDA","ANNELIDA","POLYCHAETA","SPHAERODORUM GRACILIS",19,101,276,965,1,4,135,4,135,131
"MOLLUSCA","GASTROPODA","PTEROPODA","LIMACINA RETROVERSA",19,101,276,965,6,20,130,2,38,5
"FISH","ANGUILLIFORMES","OPHICHTHIDAE","OPHICHTHIDAE",19,101,276,965,57,190,212,8,8,1
"ARTHROPODA","DECAPODA","DECAPODA SHRIMP","SPIRONTOCARIS LILJEBORGII",19,101,276,965,13,32,361,12,116,36
"MOLLUSCA","GASTROPODA","PTEROPODA","CAVOLINIIDAE",19,101,276,965,6,20,130,2,38,5
"MOLLUSCA","GASTROPODA","GASTROPODA","PUNCTURELLA NOACHINA",19,101,276,965,6,20,130,2,38,33
"MOLLUSCA","GASTROPODA","PTEROPODA","CLIONE LIMACINA",19,101,276,965,6,20,130,2,38,5
"MOLLUSCA","GASTROPODA","GASTROPODA","CRUCIBULUM STRIATUM",19,101,276,965,6,20,130,2,38,33
"ARTHROPODA","DECAPODA","DECAPODA CRAB","LITHODIDAE",19,101,276,965,13,32,361,12,116,35
"ARTHROPODA","DECAPODA","PENAEIDAE","PENAEIDAE",19,101,276,965,13,32,361,12,116,5
"ANNELIDA","ANNELIDA","POLYCHAETA","SYLLIS CORNUTA",19,101,276,965,1,4,135,4,135,131
"ANNELIDA","ANNELIDA","POLYCHAETA","AMPHITRITE SP",19,101,276,965,1,4,135,4,135,131
"ANNELIDA","ANNELIDA","POLYCHAETA","MARPHYSA SP",19,101,276,965,1,4,135,4,135,131
"ARTHROPODA","DECAPODA","DECAPODA SHRIMP","EUALUS SP",19,101,276,965,13,32,361,12,116,36
"ANNELIDA","ANNELIDA","POLYCHAETA","EUCLYMENE COLLARIS",19,101,276,965,1,4,135,4,135,131
"ARTHROPODA","ISOPODA","ISOPODA","MUNNOPSIDAE",19,101,276,965,13,32,361,1,27,27
"ARTHROPODA","AMPHIPODA","GAMMARIDEA","ANONYX LILLJEBORGI",19,101,276,965,13,32,361,4,147,132
"ANNELIDA","ANNELIDA","POLYCHAETA","ANTINOELLA ANGUSTA",19,101,276,965,1,4,135,4,135,131
"FISH","SCIAENIDAE","CYNOSCION REGALIS","CYNOSCION REGALIS",19,101,276,965,57,190,212,6,6,1
"FISH","BOTHIDAE","PARALICHTHYS SP","PARALICHTHYS SP",19,101,276,965,57,190,212,9,9,1
"ANNELIDA","ANNELIDA","POLYCHAETA","MELINNA CRISTATA",19,101,276,965,1,4,135,4,135,131
"MOLLUSCA","BIVALVIA","BIVALVIA","NUCULA DELPHINODONTA",19,101,276,965,6,20,130,5,66,56
"ARTHROPODA","AMPHIPODA","GAMMARIDEA","ORCHOMENELLA MINUTA",19,101,276,965,13,32,361,4,147,132
"ARTHROPODA","ISOPODA","ISOPODA","EDOTEA TRILOBA",19,101,276,965,13,32,361,1,27,27
"FISH","PLEURONECTIDAE","PLEURONECTES FERRUGINUS","LIMANDA FERRUGINEA",19,101,276,965,57,190,212,6,6,1
"ARTHROPODA","AMPHIPODA","GAMMARIDEA","RHACHOTROPIS OCULATA",19,101,276,965,13,32,361,4,147,132
"ARTHROPODA","DECAPODA","DECAPODA LARVAE","AXIUS SP LARVAE",19,101,276,965,13,32,361,12,116,6
"ANNELIDA","ANNELIDA","POLYCHAETA","PHYLLODOCE GROENLANDICA",19,101,276,965,1,4,135,4,135,131
"ARTHROPODA","DECAPODA","DECAPODA SHRIMP","PALAEMONETES SP",19,101,276,965,13,32,361,12,116,36
"ARTHROPODA","AMPHIPODA","HYPERIIDAE","HYPERIA MEDUSARUM",19,101,276,965,13,32,361,4,147,10
"FISH","CLUPEIDAE","CLUPEA HARENGUS","CLUPEA HARENGUS",19,101,276,965,57,190,212,8,10,2
"ARTHROPODA","AMPHIPODA","GAMMARIDEA","SYNCHELIDIUM AMERICANUM",19,101,276,965,13,32,361,4,147,132
"FISH","ENGRAULIDAE","ANCHOA HEPSETUS","ANCHOA HEPSETUS",19,101,276,965,57,190,212,5,5,1
"UROCHORDATA","ASCIDIACEA","ASCIDIACEA","ASCIDIIDAE",19,101,276,965,3,3,8,1,3,3
"MOLLUSCA","BIVALVIA","BIVALVIA","MODIOLUS MODIOLUS",19,101,276,965,6,20,130,5,66,56
"ARTHROPODA","AMPHIPODA","GAMMARIDEA","MONOCULODES INTERMEDIUS",19,101,276,965,13,32,361,4,147,132
"ANNELIDA","ANNELIDA","POLYCHAETA","AMPHITRITE JOHNSTONI",19,101,276,965,1,4,135,4,135,131
"ANNELIDA","ANNELIDA","POLYCHAETA","HARMOTHOE EXTENUATA",19,101,276,965,1,4,135,4,135,131
"ANNELIDA","ANNELIDA","POLYCHAETA","CIRRATULUS SP",19,101,276,965,1,4,135,4,135,131
"ECHINODERMATA","CRINOIDEA","CRINOIDEA","CRINOIDEA",19,101,276,965,6,7,39,1,1,1
"ANNELIDA","ANNELIDA","POLYCHAETA","GONIADA NORVEGICA",19,101,276,965,1,4,135,4,135,131
"MOLLUSCA","BIVALVIA","BIVALVIA","OSTREIDAE",19,101,276,965,6,20,130,5,66,56
"ARTHROPODA","AMPHIPODA","GAMMARIDEA","BYBLIS GAIMARDI",19,101,276,965,13,32,361,4,147,132
"ARTHROPODA","AMPHIPODA","GAMMARIDEA","ATYLUS SWAMMERDAMI",19,101,276,965,13,32,361,4,147,132
"FISH","PLEURONECTIDAE","PLEURONECTIDAE","PLEURONECTIDAE",19,101,276,965,57,190,212,6,6,1
"ARTHROPODA","STOMATOPODA","STOMATOPODA","PLATYSQUILLA ENODIS",19,101,276,965,13,32,361,1,5,5
"ARTHROPODA","AMPHIPODA","GAMMARIDEA","EOBROLGUS SPINOSUS",19,101,276,965,13,32,361,4,147,132
"ARTHROPODA","AMPHIPODA","HYPERIIDAE","PARATHEMISTO GRACILIPES",19,101,276,965,13,32,361,4,147,10
"ARTHROPODA","DECAPODA","DECAPODA SHRIMP","SERGESTIDAE",19,101,276,965,13,32,361,12,116,36
"ARTHROPODA","CUMACEA","CUMACEA","CYCLASPIS VARIANS",19,101,276,965,13,32,361,1,17,17
"ANNELIDA","ANNELIDA","POLYCHAETA","NICOMACHE LUMBRICALIS",19,101,276,965,1,4,135,4,135,131
"ANNELIDA","ANNELIDA","POLYCHAETA","OPHELINA ACUMINATA",19,101,276,965,1,4,135,4,135,131
"CNIDARIA","CNIDARIA","ANTHOZOA","CERIANTHUS BOREALIS",19,101,276,965,1,4,20,4,20,8
"ARTHROPODA","AMPHIPODA","GAMMARIDEA","PHROSINA SP",19,101,276,965,13,32,361,4,147,132
"ARTHROPODA","DECAPODA","DECAPODA SHRIMP","EUALUS GAIMARDII",19,101,276,965,13,32,361,12,116,36
"ARTHROPODA","DECAPODA","DECAPODA SHRIMP","CALOCARIS TEMPLEMANNI",19,101,276,965,13,32,361,12,116,36
"ARTHROPODA","AMPHIPODA","GAMMARIDEA","DULICHIA MONACANTHA",19,101,276,965,13,32,361,4,147,132
"MOLLUSCA","GASTROPODA","GASTROPODA","BUSYCON SP",19,101,276,965,6,20,130,2,38,33
"MOLLUSCA","GASTROPODA","GASTROPODA","MARGARITES SP",19,101,276,965,6,20,130,2,38,33
"OTHER","OTHER","OTHER","MACROALGAE",19,101,276,965,1,2,14,2,14,13
"ARTHROPODA","ISOPODA","ISOPODA","MUNNA SP",19,101,276,965,13,32,361,1,27,27
"ARTHROPODA","AMPHIPODA","GAMMARIDEA","PODOCEROPSIS NITIDA",19,101,276,965,13,32,361,4,147,132
"MISCELLANEOUS","MISCELLANEOUS","MISCELLANEOUS","FIBERGLASS",19,101,276,965,1,1,15,1,15,15
"ANNELIDA","ANNELIDA","POLYCHAETA","PHYLLODOCE MUCOSA",19,101,276,965,1,4,135,4,135,131
"FISH","PLEURONECTIDAE","HIPPOGLOSSUS HIPPOGLOSSUS","HIPPOGLOSSUS HIPPOGLOSSUS",19,101,276,965,57,190,212,6,6,1
"MOLLUSCA","GASTROPODA","GASTROPODA","BUCCINUM SP",19,101,276,965,6,20,130,2,38,33
"ARTHROPODA","CIRRIPEDIA","CIRRIPEDIA","BALANUS SP",19,101,276,965,13,32,361,1,3,3
"ARTHROPODA","AMPHIPODA","GAMMARIDEA","ACANTHONOTOZOMA SP",19,101,276,965,13,32,361,4,147,132
"MOLLUSCA","GASTROPODA","GASTROPODA","PROPILIDIUM SP",19,101,276,965,6,20,130,2,38,33
"ARTHROPODA","CUMACEA","CUMACEA","LEUCON AMERICANUS",19,101,276,965,13,32,361,1,17,17
"ARTHROPODA","DECAPODA","PAGUROIDEA","PAGURUS ANNULIPES",19,101,276,965,13,32,361,12,116,10
"ARTHROPODA","COPEPODA","COPEPODA","CALIGUS SP",19,101,276,965,13,32,361,1,13,13
"ANNELIDA","ANNELIDA","POLYCHAETA","GLYCERA AMERICANA",19,101,276,965,1,4,135,4,135,131
"ARTHROPODA","DECAPODA","CRANGONIDAE","PONTOPHILUS BREVIROSTRIS",19,101,276,965,13,32,361,12,116,8
"CNIDARIA","CNIDARIA","HYDROZOA","CORYMORPHA SP",19,101,276,965,1,4,20,4,20,8
"ANNELIDA","ANNELIDA","POLYCHAETA","PHOLOE MINUTA",19,101,276,965,1,4,135,4,135,131
"CNIDARIA","CNIDARIA","SCYPHOZOA","SCYPHOZOA",19,101,276,965,1,4,20,4,20,3
"ARTHROPODA","AMPHIPODA","GAMMARIDEA","AMPELISCA VERRILLI",19,101,276,965,13,32,361,4,147,132
"CNIDARIA","CNIDARIA","HYDROZOA","SERTULARIIDAE",19,101,276,965,1,4,20,4,20,8
"ARTHROPODA","AMPHIPODA","GAMMARIDEA","ISCHYROCERUS ANGUIPES",19,101,276,965,13,32,361,4,147,132
"ARTHROPODA","AMPHIPODA","GAMMARIDEA","BATHYPOREIA PARKERI",19,101,276,965,13,32,361,4,147,132
"ECHINODERMATA","OPHIUROIDEA","OPHIUROIDEA","AMPHILIMNA OLIVACEA",19,101,276,965,6,7,39,1,16,16
"ANNELIDA","ANNELIDA","POLYCHAETA","MYRIOCHELE HEERI",19,101,276,965,1,4,135,4,135,131
"MOLLUSCA","BIVALVIA","BIVALVIA","NUCULA TENUIS",19,101,276,965,6,20,130,5,66,56
"WORMS","WORMS","WORMS","ASPIDOSIPHON ALBUS",19,101,276,965,2,3,14,2,13,9
"MOLLUSCA","BIVALVIA","BIVALVIA","MUSCULUS SP",19,101,276,965,6,20,130,5,66,56
"ANNELIDA","ANNELIDA","POLYCHAETA","NOTOMASTUS SP",19,101,276,965,1,4,135,4,135,131
"ECHINODERMATA","ASTEROIDEA","ASTEROIDEA","PEDICELLASTER TYPICUS",19,101,276,965,6,7,39,1,6,6
"ANNELIDA","ANNELIDA","POLYCHAETA","THELEPUS CINCINNATUS",19,101,276,965,1,4,135,4,135,131
"MOLLUSCA","BIVALVIA","BIVALVIA","THYASIRA SP",19,101,276,965,6,20,130,5,66,56
"MOLLUSCA","GASTROPODA","GASTROPODA","NATICIDAE",19,101,276,965,6,20,130,2,38,33
"MOLLUSCA","BIVALVIA","BIVALVIA","NUCULANA TENUISULCATA",19,101,276,965,6,20,130,5,66,56
"ARTHROPODA","AMPHIPODA","HYPERIIDAE","HYPERIA GALBA",19,101,276,965,13,32,361,4,147,10
"WORMS","WORMS","PLATYHELMINTHES","PLATYHELMINTHES",19,101,276,965,2,3,14,2,13,4
"ARTHROPODA","ISOPODA","ISOPODA","JANIRA SP",19,101,276,965,13,32,361,1,27,27
"CNIDARIA","CNIDARIA","ANTHOZOA","METRIDIUM SENILE",19,101,276,965,1,4,20,4,20,8
"MOLLUSCA","GASTROPODA","GASTROPODA","NASSARIUS SP",19,101,276,965,6,20,130,2,38,33
"ECHINODERMATA","HOLOTHUROIDEA","HOLOTHUROIDEA","PENTAMERA SP",19,101,276,965,6,7,39,1,6,6
"MOLLUSCA","GASTROPODA","GASTROPODA","EPITONIUM SP",19,101,276,965,6,20,130,2,38,33
"ARTHROPODA","DECAPODA","DECAPODA SHRIMP","CARIDION GORDONI",19,101,276,965,13,32,361,12,116,36
"ARTHROPODA","ISOPODA","ISOPODA","JANIRA ALTA",19,101,276,965,13,32,361,1,27,27
"ECHINODERMATA","OPHIUROIDEA","OPHIUROIDEA","OPHIACANTHA BIDENTATA",19,101,276,965,6,7,39,1,16,16
"ECHINODERMATA","OPHIUROIDEA","OPHIUROIDEA","OPHIOLEPIS SP",19,101,276,965,6,7,39,1,16,16
"ECHINODERMATA","OPHIUROIDEA","OPHIUROIDEA","AXIOGNATHUS SQUAMATUS",19,101,276,965,6,7,39,1,16,16
"ECHINODERMATA","OPHIUROIDEA","OPHIUROIDEA","AMPHIODIA SP",19,101,276,965,6,7,39,1,16,16
"ARTHROPODA","AMPHIPODA","GAMMARIDEA","COROPHIUM CRASSICORNE",19,101,276,965,13,32,361,4,147,132
"ARTHROPODA","AMPHIPODA","GAMMARIDEA","UNCIOLA INERMIS",19,101,276,965,13,32,361,4,147,132
"ANNELIDA","ANNELIDA","POLYCHAETA","GONIADA SP",19,101,276,965,1,4,135,4,135,131
"ECHINODERMATA","ECHINOIDEA","ECHINOIDEA","ARBACIA PUNCTULATA",19,101,276,965,6,7,39,2,9,7
"ECHINODERMATA","HOLOTHUROIDEA","HOLOTHUROIDEA","CAUDINA ARENATA",19,101,276,965,6,7,39,1,6,6
"MOLLUSCA","GASTROPODA","GASTROPODA","VELUTINA SP",19,101,276,965,6,20,130,2,38,33
"ARTHROPODA","COPEPODA","COPEPODA","CYCLOPOIDA",19,101,276,965,13,32,361,1,13,13
"FISH","CLUPEIDAE","BREVOORTIA TYRANNUS","BREVOORTIA TYRANNUS",19,101,276,965,57,190,212,8,10,1
"ARTHROPODA","COPEPODA","COPEPODA","CANDACIA SP",19,101,276,965,13,32,361,1,13,13
"ANNELIDA","ANNELIDA","POLYCHAETA","NOTHRIA CONCHYLEGA",19,101,276,965,1,4,135,4,135,131
"ANNELIDA","ANNELIDA","POLYCHAETA","NEPHTYS PICTA",19,101,276,965,1,4,135,4,135,131
"CHAETOGNATHA","CHAETOGNATHA","CHAETOGNATHA","SAGITTA SP",19,101,276,965,1,1,3,1,3,3
"ARTHROPODA","MYSIDACEA","MYSIDACEA","MYSIDOPSIS BIGELOWI",19,101,276,965,13,32,361,1,9,9
"ARTHROPODA","AMPHIPODA","GAMMARIDEA","BATHYPOREIA SP",19,101,276,965,13,32,361,4,147,132
"FISH","ZOARCIDAE","MACROZOARCES AMERICANUS","MACROZOARCES AMERICANUS",19,101,276,965,57,190,212,4,4,1
"ANNELIDA","ANNELIDA","POLYCHAETA","GLYCERA DIBRANCHIATA",19,101,276,965,1,4,135,4,135,131
"ARTHROPODA","COPEPODA","COPEPODA","RHINCALANUS CORNUTUS",19,101,276,965,13,32,361,1,13,13
"UROCHORDATA","ASCIDIACEA","ASCIDIACEA","ASCIDIA CALLOSA",19,101,276,965,3,3,8,1,3,3
"ANNELIDA","ANNELIDA","POLYCHAETA","ORBINIA ORNATA",19,101,276,965,1,4,135,4,135,131
"ECHINODERMATA","HOLOTHUROIDEA","HOLOTHUROIDEA","PSOLUS PHANTAPUS",19,101,276,965,6,7,39,1,6,6
"ARTHROPODA","AMPHIPODA","HYPERIIDAE","HYPEROCHE MEDUSARUM",19,101,276,965,13,32,361,4,147,10
"FISH","ANGUILLIFORMES","ANGUILLA ROSTRATA","ANGUILLA ROSTRATA",19,101,276,965,57,190,212,8,8,1
"MOLLUSCA","BIVALVIA","BIVALVIA","NUCULANA SP",19,101,276,965,6,20,130,5,66,56
"ANNELIDA","ANNELIDA","POLYCHAETA","CERATOCEPHALE LOVENI",19,101,276,965,1,4,135,4,135,131
"ECHINODERMATA","ECHINOIDEA","ECHINOIDEA","ACESTE SP",19,101,276,965,6,7,39,2,9,7
"ARTHROPODA","AMPHIPODA","GAMMARIDEA","LEUCOTHOE SPINICARPA",19,101,276,965,13,32,361,4,147,132
"ARTHROPODA","AMPHIPODA","GAMMARIDEA","MICRODEUTOPUS SP",19,101,276,965,13,32,361,4,147,132
"ARTHROPODA","MYSIDACEA","MYSIDACEA","AMBLYOPS ABBREVIATA",19,101,276,965,13,32,361,1,9,9
"ARTHROPODA","AMPHIPODA","GAMMARIDEA","ARGISSA HAMATIPES",19,101,276,965,13,32,361,4,147,132
"ANNELIDA","ANNELIDA","POLYCHAETA","EULALIA VIRIDIS",19,101,276,965,1,4,135,4,135,131
"ARTHROPODA","DECAPODA","DECAPODA SHRIMP","CARIDION SP",19,101,276,965,13,32,361,12,116,36
"ARTHROPODA","AMPHIPODA","GAMMARIDEA","MELPHIDIPPA SP",19,101,276,965,13,32,361,4,147,132
"ARTHROPODA","AMPHIPODA","GAMMARIDEA","MELPHIDIPPIDAE",19,101,276,965,13,32,361,4,147,132
"MOLLUSCA","GASTROPODA","GASTROPODA","NUDIBRANCHIA",19,101,276,965,6,20,130,2,38,33
"ARTHROPODA","CIRRIPEDIA","CIRRIPEDIA","CIRRIPEDIA LARVAE",19,101,276,965,13,32,361,1,3,3
"ARTHROPODA","DECAPODA","DECAPODA SHRIMP","PASIPHAEA SP",19,101,276,965,13,32,361,12,116,36
"ARTHROPODA","ISOPODA","ISOPODA","MUNNOPSIS TYPICA",19,101,276,965,13,32,361,1,27,27
"MOLLUSCA","BIVALVIA","BIVALVIA","YOLDIA THRACIAEFORMIS",19,101,276,965,6,20,130,5,66,56
"ARTHROPODA","AMPHIPODA","GAMMARIDEA","MAERA LOVENI",19,101,276,965,13,32,361,4,147,132
"PORIFERA","PORIFERA","PORIFERA","PORIFERA",19,101,276,965,1,1,1,1,1,1
"ANNELIDA","ANNELIDA","POLYCHAETA","SPIO FILICORNIS",19,101,276,965,1,4,135,4,135,131
"MOLLUSCA","GASTROPODA","GASTROPODA","PUNCTURELLA SP",19,101,276,965,6,20,130,2,38,33
"ARTHROPODA","AMPHIPODA","GAMMARIDEA","PAROEDICEROS LYNCEUS",19,101,276,965,13,32,361,4,147,132
"ARTHROPODA","DECAPODA","DECAPODA CRAB","MAJIDAE",19,101,276,965,13,32,361,12,116,35
"ARTHROPODA","AMPHIPODA","GAMMARIDEA","SYRRHOE SP",19,101,276,965,13,32,361,4,147,132
"ARTHROPODA","DECAPODA","CRANGONIDAE","SABINEA SEPTEMCARINATA",19,101,276,965,13,32,361,12,116,8
"ARTHROPODA","DECAPODA","PENAEIDAE","PENAEUS SP",19,101,276,965,13,32,361,12,116,5
"FISH","SCIAENIDAE","SCIAENIDAE","SCIAENIDAE",19,101,276,965,57,190,212,6,6,1
"ARTHROPODA","DECAPODA","DECAPODA SHRIMP","ACETES AMERICANUS",19,101,276,965,13,32,361,12,116,36
"ARTHROPODA","DECAPODA","PENAEIDAE","PARAPENAEUS POLITUS",19,101,276,965,13,32,361,12,116,5
"MOLLUSCA","CEPHALOPODA","CEPHALOPODA","CEPHALOPODA BEAKS",19,101,276,965,6,20,130,10,18,4
"FISH","OTHER FISH","CYPRINODON VARIEGATUS","CYPRINODON VARIEGATUS",19,101,276,965,57,190,212,25,26,1
"FISH","ENGRAULIDAE","ENGRAULIDAE","ENGRAULIDAE",19,101,276,965,57,190,212,5,5,1
"ARTHROPODA","DECAPODA","DECAPODA SHRIMP","SPIRONTOCARIS PHIPPSII",19,101,276,965,13,32,361,12,116,36
"ARTHROPODA","AMPHIPODA","GAMMARIDEA","MELITA SP",19,101,276,965,13,32,361,4,147,132
"ARTHROPODA","ISOPODA","ISOPODA","AEGA PSORA",19,101,276,965,13,32,361,1,27,27
"ARTHROPODA","PYCNOGONIDA","PYCNOGONIDA","NYMPHON SP",19,101,276,965,13,32,361,1,4,4
"ECHINODERMATA","OPHIUROIDEA","OPHIUROIDEA","AMPHIURA SP",19,101,276,965,6,7,39,1,16,16
"ANNELIDA","ANNELIDA","POLYCHAETA","HARMOTHOE SP",19,101,276,965,1,4,135,4,135,131
"CNIDARIA","CNIDARIA","ANTHOZOA","PENNATULA ACULEATA",19,101,276,965,1,4,20,4,20,8
"FISH","OTHER FISH","CRYPTACANTHODES MACULATUS","CRYPTACANTHODES MACULATUS",19,101,276,965,57,190,212,25,26,1
"ECHINODERMATA","HOLOTHUROIDEA","HOLOTHUROIDEA","DENDROCHIROTIDA",19,101,276,965,6,7,39,1,6,6
"ARTHROPODA","EUPHAUSIACEA","EUPHAUSIACEA","THYSANOESSA LONGICAUDATA",19,101,276,965,13,32,361,1,11,11
"FISH","BELONIDAE","BELONIDAE","BELONIDAE",19,101,276,965,57,190,212,1,1,1
"FISH","OTHER FISH","ASPIDOPHOROIDES MONOPTERYGIUS","ASPIDOPHOROIDES MONOPTERYGIUS",19,101,276,965,57,190,212,25,26,1
"MOLLUSCA","BIVALVIA","BIVALVIA","ASTARTE SP",19,101,276,965,6,20,130,5,66,56
"ARTHROPODA","ISOPODA","ISOPODA","JANIRIDAE",19,101,276,965,13,32,361,1,27,27
"MOLLUSCA","GASTROPODA","GASTROPODA","FISSURELLIDAE",19,101,276,965,6,20,130,2,38,33
"MOLLUSCA","GASTROPODA","GASTROPODA","GASTROPODA EGGS",19,101,276,965,6,20,130,2,38,33
"ARTHROPODA","ISOPODA","ISOPODA","IDOTEIDAE",19,101,276,965,13,32,361,1,27,27
"ARTHROPODA","AMPHIPODA","GAMMARIDEA","DEXAMINE THEA",19,101,276,965,13,32,361,4,147,132
"ARTHROPODA","AMPHIPODA","GAMMARIDEA","STENOPLEUSTES INERMIS",19,101,276,965,13,32,361,4,147,132
"FISH","CLUPEIDAE","ALOSA AESTIVALIS","ALOSA AESTIVALIS",19,101,276,965,57,190,212,8,10,1
"FISH","CARANGIDAE","NAUCRATES DUCTOR","NAUCRATES DUCTOR",19,101,276,965,57,190,212,4,4,1
"FISH","ENGRAULIDAE","ANCHOA SP","ANCHOA SP",19,101,276,965,57,190,212,5,5,1
"MOLLUSCA","GASTROPODA","GASTROPODA","ANATOMA CRISPATA",19,101,276,965,6,20,130,2,38,33
"FISH","CLUPEIDAE","ALOSA PSEUDOHARENGUS","ALOSA PSEUDOHARENGUS",19,101,276,965,57,190,212,8,10,1
"FISH","GADIDAE","UROPHYCIS CHESTERI","UROPHYCIS CHESTERI",19,101,276,965,57,190,212,13,15,1
"ARTHROPODA","AMPHIPODA","GAMMARIDEA","PSEUDUNCIOLA SP",19,101,276,965,13,32,361,4,147,132
"ARTHROPODA","AMPHIPODA","GAMMARIDEA","PARAMPHITHOE SP",19,101,276,965,13,32,361,4,147,132
"ANNELIDA","ANNELIDA","POLYCHAETA","DRILONEREIS MAGNA",19,101,276,965,1,4,135,4,135,131
"ANNELIDA","ANNELIDA","POLYCHAETA","DRILONEREIS LONGA",19,101,276,965,1,4,135,4,135,131
"ARTHROPODA","ISOPODA","ISOPODA","PTILANTHURA TENUIS",19,101,276,965,13,32,361,1,27,27
"FISH","ANGUILLIFORMES","SYNAPHOBRANCHUS KAUPI","SYNAPHOBRANCHUS KAUPI",19,101,276,965,57,190,212,8,8,1
"FISH","COTTIDAE","MYOXOCEPHALUS AENAEUS","MYOXOCEPHALUS AENAEUS",19,101,276,965,57,190,212,10,10,1
"FISH","BATRACHOIDIDAE","BATRACHOIDIDAE","BATRACHOIDIDAE",19,101,276,965,57,190,212,1,1,1
"FISH","BALISTIDAE","BALISTIDAE","BALISTIDAE",19,101,276,965,57,190,212,1,1,1
"ARTHROPODA","DECAPODA","DECAPODA SHRIMP","UPOGEBIA AFFINIS",19,101,276,965,13,32,361,12,116,36
"ANNELIDA","ANNELIDA","POLYCHAETA","PRIONOSPIO STEENSTRUPI",19,101,276,965,1,4,135,4,135,131
"MOLLUSCA","BIVALVIA","BIVALVIA","MACTRIDAE",19,101,276,965,6,20,130,5,66,56
"FISH","SHARK","SHARK","SELACHIMORPHA",19,101,276,965,57,190,212,3,3,1
"FISH","BOTHIDAE","ETROPUS MICROSTOMUS","ETROPUS MICROSTOMUS",19,101,276,965,57,190,212,9,9,1
"FISH","SERRANIDAE","CENTROPRISTIS STRIATA","CENTROPRISTIS STRIATA",19,101,276,965,57,190,212,4,4,1
"MOLLUSCA","BIVALVIA","BIVALVIA","MERCENARIA SP",19,101,276,965,6,20,130,5,66,56
"FISH","LOPHIIDAE","LOPHIUS AMERICANUS","LOPHIUS AMERICANUS",19,101,276,965,57,190,212,2,2,1
"ARTHROPODA","CRUSTACEA","CRUSTACEAN SHRIMP","CRUSTACEA SHRIMP",19,101,276,965,13,32,361,4,5,2
"FISH","OPHIDIIDAE","LEPOPHIDIUM PROFUNDORUM","LEPOPHIDIUM PROFUNDORUM",19,101,276,965,57,190,212,6,6,1
"MOLLUSCA","BIVALVIA","BIVALVIA","BIVALVIA SIPHON",19,101,276,965,6,20,130,5,66,56
"FISH","SCOMBRIDAE","SCOMBRIDAE","SCOMBRIDAE",19,101,276,965,57,190,212,4,4,1
"FISH","ANGUILLIFORMES","ANGUILLIFORMES","ANGUILLIFORMES",19,101,276,965,57,190,212,8,8,1
"FISH","COTTIDAE","HEMITRIPTERUS AMERICANUS","HEMITRIPTERUS AMERICANUS",19,101,276,965,57,190,212,10,10,1
"FISH","ARGENTINIDAE","ARGENTINIDAE","ARGENTINIDAE",19,101,276,965,57,190,212,3,3,1
"MOLLUSCA","BIVALVIA","PECTINIDAE","PLACOPECTEN MAGELLANICUS VISCERA",19,101,276,965,6,20,130,5,66,7
"ECHINODERMATA","OPHIUROIDEA","OPHIUROIDEA","GORGONOCEPHALUS SP",19,101,276,965,6,7,39,1,16,16
"FISH","OTHER FISH","BLENNIDAE","BLENNIIDAE",19,101,276,965,57,190,212,25,26,1
"ARTHROPODA","DECAPODA","DECAPODA CRAB","OVALIPES SP",19,101,276,965,13,32,361,12,116,35
"MOLLUSCA","BIVALVIA","BIVALVIA","BIVALVIA SHELL",19,101,276,965,6,20,130,5,66,56
"FISH","POMATOMIDAE","POMATOMUS SALTATRIX","POMATOMUS SALTATRIX",19,101,276,965,57,190,212,1,1,1
"FISH","GADIDAE","MERLUCCIUS ALBIDUS","MERLUCCIUS ALBIDUS",19,101,276,965,57,190,212,13,15,1
"FISH","OTHER FISH","FISH OTOLITHS","FISH OTOLITHS",19,101,276,965,57,190,212,25,26,1
"MOLLUSCA","GASTROPODA","GASTROPODA","GASTROPODA SHELL",19,101,276,965,6,20,130,2,38,33
"ECHINODERMATA","ECHINOIDEA","ECHINOIDEA","SCHIZASTERIDAE",19,101,276,965,6,7,39,2,9,7
"FISH","OTHER FISH","LIPARIS SP","LIPARIS SP",19,101,276,965,57,190,212,25,26,1
"FISH","PLEURONECTIDAE","GLYPTOCEPHALUS CYNOGLOSSUS","GLYPTOCEPHALUS CYNOGLOSSUS",19,101,276,965,57,190,212,6,6,1
"FISH","SCIAENIDAE","LEIOSTOMUS XANTHURUS","LEIOSTOMUS XANTHURUS",19,101,276,965,57,190,212,6,6,1
"FISH","TRIGLIDAE","PRIONOTUS CAROLINUS","PRIONOTUS CAROLINUS",19,101,276,965,57,190,212,6,6,1
"ARTHROPODA","DECAPODA","DECAPODA CRAB","GALATHEIDAE",19,101,276,965,13,32,361,12,116,35
"FISH","CLUPEIDAE","ALOSA SP","ALOSA SP",19,101,276,965,57,190,212,8,10,1
"FISH","FISH LARVAE","ANGUILLIFORMES LARVAE","ANGUILLIFORMES LARVAE",19,101,276,965,57,190,212,2,12,1
"FISH","ATHERINIDAE","ATHERINIDAE","ATHERINIDAE",19,101,276,965,57,190,212,2,2,1
"ARTHROPODA","DECAPODA","DECAPODA SHRIMP","CALOCARIS SP",19,101,276,965,13,32,361,12,116,36
"FISH","LOPHIIDAE","LOPHIIDAE","LOPHIIDAE",19,101,276,965,57,190,212,2,2,1
"MOLLUSCA","SCAPHOPODA","SCAPHOPODA","DENTALIUM SP",19,101,276,965,6,20,130,1,2,2
"MOLLUSCA","BIVALVIA","PECTINIDAE","PECTINIDAE SHELL",19,101,276,965,6,20,130,5,66,7
"FISH","OTHER FISH","LUMPENUS MACULATUS","LUMPENUS MACULATUS",19,101,276,965,57,190,212,25,26,1
"FISH","OPHIDIIDAE","OPHIDION HOLBROOKI","OPHIDION HOLBROOKI",19,101,276,965,57,190,212,6,6,1
"FISH","SYNGNATHIDAE","SYNGNATHIDAE","SYNGNATHIDAE",19,101,276,965,57,190,212,5,5,1
"FISH","MYXINIDAE","MYXINIDAE","MYXINIDAE",19,101,276,965,57,190,212,2,2,1
"FISH","RAJIFORMES","RAJA ERINACEA","RAJA ERINACEA",19,101,276,965,57,190,212,6,6,1
"ARTHROPODA","DECAPODA","DECAPODA CRAB","LIBINIA SP",19,101,276,965,13,32,361,12,116,35
"FISH","TRIGLIDAE","TRIGLIDAE","TRIGLIDAE",19,101,276,965,57,190,212,6,6,1
"FISH","SOLEIDAE","SYMPHRUS PLAGIUSA","SYMPHURUS PLAGIUSA",19,101,276,965,57,190,212,4,4,1
"FISH","BOTHIDAE","PARALICHTHYS OBLONGUS","PARALICHTHYS OBLONGUS",19,101,276,965,57,190,212,9,9,1
"FISH","SCOMBRIDAE","SCOMBER SP","SCOMBER SP",19,101,276,965,57,190,212,4,4,1
"FISH","ANGUILLIFORMES","CONGER OCEANICUS","CONGER OCEANICUS",19,101,276,965,57,190,212,8,8,1
"FISH","GADIDAE","GADUS MORHUA","GADUS MORHUA",19,101,276,965,57,190,212,13,15,1
"FISH","COTTIDAE","MYOXOCEPHALUS SP","MYOXOCEPHALUS SP",19,101,276,965,57,190,212,10,10,1
"FISH","OPHIDIIDAE","OPHIDION GRAYI","OPHIDION GRAYI",19,101,276,965,57,190,212,6,6,1
"FISH","SYNGNATHIDAE","HIPPOCAMPUS SP","HIPPOCAMPUS SP",19,101,276,965,57,190,212,5,5,1
"ARTHROPODA","AMPHIPODA","HYPERIIDAE","PHRONIMA SP",19,101,276,965,13,32,361,4,147,10
"FISH","OPHIDIIDAE","OPHIDION MARGINATUM","OPHIDION MARGINATUM",19,101,276,965,57,190,212,6,6,1
"MISCELLANEOUS","MISCELLANEOUS","MISCELLANEOUS","PLASTIC",19,101,276,965,1,1,15,1,15,15
"FISH","SHARK","SQUALUS ACANTHIAS","SQUALUS ACANTHIAS",19,101,276,965,57,190,212,3,3,1
"ARTHROPODA","DECAPODA","DECAPODA LARVAE","PALINURA LARVAE",19,101,276,965,13,32,361,12,116,6
"FISH","GADIDAE","BROSME BROSME","BROSME BROSME",19,101,276,965,57,190,212,13,15,1
"FISH","FISH EGGS","MACROZOARCES AMERICANUS EGGS","MACROZOARCES AMERICANUS EGGS",19,101,276,965,57,190,212,2,8,1
"ARTHROPODA","DECAPODA","DECAPODA LARVAE","DECAPODA CRAB MEGALOPA",19,101,276,965,13,32,361,12,116,6
"ARTHROPODA","ARTHROPODA","ARTHROPODA","ARTHROPODA",19,101,276,965,13,32,361,3,3,1
"FISH","ZOARCIDAE","MELANOSTIGMA ATLANTICUM","MELANOSTIGMA ATLANTICUM",19,101,276,965,57,190,212,4,4,1
"FISH","OTHER FISH","LUMPENUS LUMPRETAEFORMIS","LUMPENUS LUMPRETAEFORMIS",19,101,276,965,57,190,212,25,26,1
"FISH","OTHER FISH","CYCLOPTERUS LUMPUS","CYCLOPTERUS LUMPUS",19,101,276,965,57,190,212,25,26,1
"FISH","MACROURIDAE","MACROURIDAE","MACROURIDAE",19,101,276,965,57,190,212,1,1,1
"FISH","SCIAENIDAE","MICROPOGONIAS UNDULATUS","MICROPOGONIAS UNDULATUS",19,101,276,965,57,190,212,6,6,1
"ARTHROPODA","DECAPODA","DECAPODA CRAB","GERYON SP",19,101,276,965,13,32,361,12,116,35
"MOLLUSCA","BIVALVIA","BIVALVIA","CYCLOCARDIA SP",19,101,276,965,6,20,130,5,66,56
"ARTHROPODA","DECAPODA","DECAPODA CRAB","EMERITA TALPOIDA",19,101,276,965,13,32,361,12,116,35
"FISH","CHLOROPHTHALMIDAE","CHLOROPHTHALMIDAE","CHLOROPHTHALMIDAE",19,101,276,965,57,190,212,2,2,1
"ARTHROPODA","DECAPODA","DECAPODA CRAB","HEPATUS EPHELITICUS",19,101,276,965,13,32,361,12,116,35
"ARTHROPODA","DECAPODA","DECAPODA CRAB","LITHODES MAJA",19,101,276,965,13,32,361,12,116,35
"MOLLUSCA","BIVALVIA","BIVALVIA","SOLENIDAE SHELL",19,101,276,965,6,20,130,5,66,56
"FISH","SCORPAENIDAE","HELICOLENUS DACTYLOPTERUS","HELICOLENUS DACTYLOPTERUS",19,101,276,965,57,190,212,3,3,1
"FISH","CARANGIDAE","SELENE VOMER","SELENE VOMER",19,101,276,965,57,190,212,4,4,1
"MOLLUSCA","BIVALVIA","BIVALVIA","MYTILIDAE",19,101,276,965,6,20,130,5,66,56
"MOLLUSCA","BIVALVIA","BIVALVIA","BIVALVIA VISCERA",19,101,276,965,6,20,130,5,66,56
"FISH","CLUPEIDAE","ALOSA SAPIDISSIMA","ALOSA SAPIDISSIMA",19,101,276,965,57,190,212,8,10,1
"ARTHROPODA","DECAPODA","PENAEIDAE","PENAEUS AZTECUS",19,101,276,965,13,32,361,12,116,5
"FISH","GOBIIDAE","GOBIIDAE","GOBIIDAE",19,101,276,965,57,190,212,2,2,1
"CNIDARIA","CNIDARIA","HYDROZOA","TUBULARIA SP",19,101,276,965,1,4,20,4,20,8
"MOLLUSCA","MOLLUSCA","MOLLUSCA","MOLLUSCA VISCERA",19,101,276,965,6,20,130,1,4,4
"MOLLUSCA","BIVALVIA","PECTINIDAE","PECTINIDAE VISCERA",19,101,276,965,6,20,130,5,66,7
"FISH","ARGENTINIDAE","ARGENTINA SILUS","ARGENTINA SILUS",19,101,276,965,57,190,212,3,3,1
"FISH","ARGENTINIDAE","ARGENTINA STRIATA","ARGENTINA STRIATA",19,101,276,965,57,190,212,3,3,1
"FISH","LABRIDAE","TAUTOGOLABRUS ADSPERSUS","TAUTOGOLABRUS ADSPERSUS",19,101,276,965,57,190,212,1,1,1
"FISH","FISH LARVAE","FISH LARVAE","PLEURONECTIFORMES LARVAE",19,101,276,965,57,190,212,2,12,11
"FISH","GASTEROSTEIDAE","GASTEROSTEIDAE","GASTEROSTEIDAE",19,101,276,965,57,190,212,2,2,1
"FISH","TRIGLIDAE","PERISTEDION MINIATUM","PERISTEDION MINIATUM",19,101,276,965,57,190,212,6,6,1
"MOLLUSCA","BIVALVIA","ARCTICA ISLANDICA","ARCTICA ISLANDICA",19,101,276,965,6,20,130,5,66,1
"FISH","OTHER FISH","SYNODONTIDAE","SYNODONTIDAE",19,101,276,965,57,190,212,25,26,1
"MISCELLANEOUS","MISCELLANEOUS","MISCELLANEOUS","WOOD",19,101,276,965,1,1,15,1,15,15
"ARTHROPODA","DECAPODA","DECAPODA CRAB","XANTHIDAE",19,101,276,965,13,32,361,12,116,35
"CTENOPHORA","CTENOPHORA","CTENOPHORA","PLEUROBRACHIA PILEUS",19,101,276,965,1,1,3,1,3,3
"ARTHROPODA","DECAPODA","DECAPODA CRAB","OVALIPES STEPHENSONI",19,101,276,965,13,32,361,12,116,35
"MOLLUSCA","GASTROPODA","GASTROPODA","NEOGASTROPODA",19,101,276,965,6,20,130,2,38,33
"MISCELLANEOUS","MISCELLANEOUS","MISCELLANEOUS","DISCARDED FOOD",19,101,276,965,1,1,15,1,15,15
"ARTHROPODA","PYCNOGONIDA","PYCNOGONIDA","PYCNOGONIDAE",19,101,276,965,13,32,361,1,4,4
"FISH","SCOMBRIDAE","AUXIS SP","AUXIS SP",19,101,276,965,57,190,212,4,4,1
"FISH","SERRANIDAE","CENTROPRISTES SP","CENTROPRISTIS SP",19,101,276,965,57,190,212,4,4,1
"ARTHROPODA","DECAPODA","DECAPODA SHRIMP","SICYONIA SP",19,101,276,965,13,32,361,12,116,36
"FISH","ZOARCIDAE","ZOARCIDAE","ZOARCIDAE",19,101,276,965,57,190,212,4,4,1
"FISH","BOTHIDAE","ETROPUS SP","ETROPUS SP",19,101,276,965,57,190,212,9,9,1
"CNIDARIA","CNIDARIA","ANTHOZOA","ANEMONIA SARGASSENSIS",19,101,276,965,1,4,20,4,20,8
"FISH","GOBIIDAE","GOBIOSOMA BOSC","GOBIOSOMA BOSC",19,101,276,965,57,190,212,2,2,1
"ANNELIDA","ANNELIDA","HIRUDENEA","HIRUDINEA",19,101,276,965,1,4,135,4,135,1
"ANNELIDA","ANNELIDA","POLYCHAETA","CHAETOPTERIDAE",19,101,276,965,1,4,135,4,135,131
"FISH","SYNGNATHIDAE","HIPPOCAMPUS ERECTUS","HIPPOCAMPUS ERECTUS",19,101,276,965,57,190,212,5,5,1
"MISCELLANEOUS","MISCELLANEOUS","MISCELLANEOUS","CELLOPHANE CIGARETTE",19,101,276,965,1,1,15,1,15,15
"OTHER","OTHER","OTHER","RHODOPHYTA",19,101,276,965,1,2,14,2,14,13
"ECHINODERMATA","ASTEROIDEA","ASTEROIDEA","ASTERIAS VULGARIS",19,101,276,965,6,7,39,1,6,6
"MOLLUSCA","BIVALVIA","BIVALVIA","MYTILUS EDULIS",19,101,276,965,6,20,130,5,66,56
"FISH","SPHYRAENIDAE","SPHYRAENA SP","SPHYRAENA SP",19,101,276,965,57,190,212,2,2,1
"FISH","URANOSCOPIDAE","URANOSCOPIDAE","URANOSCOPIDAE",19,101,276,965,57,190,212,2,2,1
"FISH","URANOSCOPIDAE","ASTROSCOPUS GUTTATUS","ASTROSCOPUS GUTTATUS",19,101,276,965,57,190,212,2,2,1
"FISH","FISH EGGS","FISH EGGS","CLUPEIDAE EGGS",19,101,276,965,57,190,212,2,8,7
"OTHER","OTHER","OTHER","ZOSTERA MARINA",19,101,276,965,1,2,14,2,14,13
"FISH","OTHER FISH","POLYMIXIA LOWEI","POLYMIXIA LOWEI",19,101,276,965,57,190,212,25,26,1
"FISH","FISH LARVAE","FISH LARVAE","CLUPEIDAE LARVAE",19,101,276,965,57,190,212,2,12,11
"ECHINODERMATA","ECHINOIDEA","ECHINOIDEA","ECHINARACHNIIDAE",19,101,276,965,6,7,39,2,9,7
"FISH","FISH EGGS","FISH EGGS","CHONDRICHTHYES EGGS",19,101,276,965,57,190,212,2,8,7
"ARTHROPODA","DECAPODA","SCYLLARIDAE","SCYLLARIDAE",19,101,276,965,13,32,361,12,116,1
"WORMS","WORMS","WORMS","PHORONIDA",19,101,276,965,2,3,14,2,13,9
"ARTHROPODA","DECAPODA","DECAPODA CRAB","PAGUROIDEA",19,101,276,965,13,32,361,12,116,35
"FISH","SCIAENIDAE","BAIRDIELLA CHRYSOURA","BAIRDIELLA CHRYSOURA",19,101,276,965,57,190,212,6,6,1
"FISH","SOLEIDAE","TRINECTES MACULATUS","TRINECTES MACULATUS",19,101,276,965,57,190,212,4,4,1
"OTHER","OTHER","OTHER","CHLOROPHYTA",19,101,276,965,1,2,14,2,14,13
"FISH","CLUPEIDAE","CLUPEIDAE","CLUPEIDAE SCALES",19,101,276,965,57,190,212,8,10,2
"OTHER","OTHER","OTHER","INVERTEBRATA",19,101,276,965,1,2,14,2,14,13
"FISH","ATHERINIDAE","MENIDIA MENIDIA","MENIDIA MENIDIA",19,101,276,965,57,190,212,2,2,1
"ARTHROPODA","DECAPODA","DECAPODA SHRIMP","THALASSINOIDEA",19,101,276,965,13,32,361,12,116,36
"ECHINODERMATA","ECHINOIDEA","ECHINOIDEA","ECHINACEA",19,101,276,965,6,7,39,2,9,7
"FISH","GONOSTOMATIDAE","GONOSTOMATIDAE","GONOSTOMATIDAE",19,101,276,965,57,190,212,1,1,1
"FISH","COTTIDAE","MYOXOCEPHALUS OCTODECEMSPINOSUS EGGS","MYOXOCEPHALUS OCTODECEMSPINOSUS EGGS",19,101,276,965,57,190,212,10,10,1
"FISH","CYCLOPTERIDAE","CYCLOPTERIDAE","CYCLOPTERIDAE",19,101,276,965,57,190,212,1,1,1
"ECHINODERMATA","OPHIUROIDEA","OPHIUROIDEA","OPHIURIDA",19,101,276,965,6,7,39,1,16,16
"MISCELLANEOUS","MISCELLANEOUS","MISCELLANEOUS","MONOFILAMENT FISHING LINE",19,101,276,965,1,1,15,1,15,15
"OTHER","OTHER","OTHER","PARASITES",19,101,276,965,1,2,14,2,14,13
"ARTHROPODA","DECAPODA","DECAPODA CRAB","PINNIXA SP",19,101,276,965,13,32,361,12,116,35
"ANNELIDA","ANNELIDA","POLYCHAETA","CHONE SP",19,101,276,965,1,4,135,4,135,131
"MISCELLANEOUS","MISCELLANEOUS","MISCELLANEOUS","AMPHIPODA TUBES",19,101,276,965,1,1,15,1,15,15
"FISH","OTHER FISH","PHOLIDAE","PHOLIDAE",19,101,276,965,57,190,212,25,26,1
"MOLLUSCA","BIVALVIA","BIVALVIA","SPISULA SOLIDISSIMA",19,101,276,965,6,20,130,5,66,56
"FISH","SCARIDAE","SCARIDAE","NICHOLSINA USTA",19,101,276,965,57,190,212,1,1,1
"FISH","OTHER FISH","TRACHINOCEPHALUS MYOPS","TRACHINOCEPHALUS MYOPS",19,101,276,965,57,190,212,25,26,1
"FISH","FISH LARVAE","FISH LARVAE","ZOARCIDAE LARVAE",19,101,276,965,57,190,212,2,12,11
"ARTHROPODA","DECAPODA","DECAPODA CRAB","HIPPOIDEA",19,101,276,965,13,32,361,12,116,35
"MOLLUSCA","GASTROPODA","PTEROPODA","LIMACINA SP",19,101,276,965,6,20,130,2,38,5
"MISCELLANEOUS","MISCELLANEOUS","MISCELLANEOUS","POLYCHAETA TUBES",19,101,276,965,1,1,15,1,15,15
"MOLLUSCA","CEPHALOPODA","CEPHALOPODA","TEUTHOIDEA GLADIUS",19,101,276,965,6,20,130,10,18,4
"ECHINODERMATA","ECHINOIDEA","ECHIN1","CLYPEASTEROIDA",19,101,276,965,6,7,39,2,9,2
"MOLLUSCA","CEPHALOPODA","LOLIGO SP","LOLIGO SP BEAKS",19,101,276,965,6,20,130,10,18,3
"FISH","OPHIDIIDAE","OTOPHIDIUM OMOSTIGMUM","OTOPHIDIUM OMOSTIGMUM",19,101,276,965,57,190,212,6,6,1
"FISH","FISH LARVAE","FISH LARVAE","BOTHIDAE LARVAE",19,101,276,965,57,190,212,2,12,11
"MISCELLANEOUS","MISCELLANEOUS","MISCELLANEOUS","MISCELLANEOUS MATERIALS",19,101,276,965,1,1,15,1,15,15
"FISH","SERRANIDAE","DIPLECTRUM FORMOSUM","DIPLECTRUM FORMOSUM",19,101,276,965,57,190,212,4,4,1
"ARTHROPODA","ARTHROPODA","LIMULUS POLYPHEMUS","LIMULUS POLYPHEMUS",19,101,276,965,13,32,361,3,3,1
"ARTHROPODA","DECAPODA","DECAPODA CRAB","EUCERAMUS PRAELONGUS",19,101,276,965,13,32,361,12,116,35
"MOLLUSCA","BIVALVIA","BIVALVIA","ENSIS SP",19,101,276,965,6,20,130,5,66,56
"MOLLUSCA","MOLLUSCA","MOLLUSCA","MOLLUSCA EGGS",19,101,276,965,6,20,130,1,4,4
"FISH","FISH EGGS","FISH EGGS","GADIDAE EGGS",19,101,276,965,57,190,212,2,8,7
"OTHER","OTHER","OTHER","PHAEOPHYTA",19,101,276,965,1,2,14,2,14,13
"FISH","STICHAEIDAE","STICHAEIDAE","STICHAEIDAE",19,101,276,965,57,190,212,1,1,1
"ARTHROPODA","DECAPODA","DECAPODA CRAB","CHIONOECETES OPILIO",19,101,276,965,13,32,361,12,116,35
"FISH","CARANGIDAE","DECAPTERUS PUNCTATUS","DECAPTERUS PUNCTATUS",19,101,276,965,57,190,212,4,4,1
"FISH","MUGILIDAE","MUGILIDAE","MUGILIDAE",19,101,276,965,57,190,212,1,1,1
"FISH","COTTIDAE","ARTEDIELLUS SP","ARTEDIELLUS SP",19,101,276,965,57,190,212,10,10,1
"FISH","MYXINIDAE","MYXINE GLUTINOSA","MYXINE GLUTINOSA",19,101,276,965,57,190,212,2,2,1
"MISCELLANEOUS","MISCELLANEOUS","MISCELLANEOUS","PAPER",19,101,276,965,1,1,15,1,15,15
"FISH","FISH LARVAE","FISH LARVAE","CONGRIDAE LARVAE",19,101,276,965,57,190,212,2,12,11
"MOLLUSCA","BIVALVIA","BIVALVIA","SPISULA SP",19,101,276,965,6,20,130,5,66,56
"FISH","MALLOTUS VILLOSUS","MALLOTUS VILLOSUS","MALLOTUS VILLOSUS",19,101,276,965,57,190,212,1,1,1
"FISH","GASTEROSTEIDAE","GASTEROSTEUS ACULEATUS","GASTEROSTEUS ACULEATUS",19,101,276,965,57,190,212,2,2,1
"CNIDARIA","CNIDARIA","SCYPHOZOA","CYANEA CAPILLATA",19,101,276,965,1,4,20,4,20,3
"FISH","FISH EGGS","FISH EGGS","LOPHIUS AMERICANUS EGGS",19,101,276,965,57,190,212,2,8,7
"MOLLUSCA","BIVALVIA","BIVALVIA","ASTARTE CASTANEA",19,101,276,965,6,20,130,5,66,56
"MOLLUSCA","CEPHALOPODA","ABRALIA VERANYI","ABRALIA VERANYI",19,101,276,965,6,20,130,10,18,1
"MOLLUSCA","CEPHALOPODA","CEPHALOPODA","TEUTHOIDEA EGGS",19,101,276,965,6,20,130,10,18,4
"FISH","OTHER FISH","OTHER FISH","UNIDENTIFIED FISH",19,101,276,965,57,190,212,25,26,2
"FISH","FISH SCALES","FISH SCALES","CLUPEA HARENGUS SCALES",19,101,276,965,57,190,212,1,2,2
"MOLLUSCA","GASTROPODA","GASTROPODA","APLYSIIDAE",19,101,276,965,6,20,130,2,38,33
"FISH","FISH LARVAE","FISH LARVAE","AMMODYTES SP LARVAE",19,101,276,965,57,190,212,2,12,11
"ARTHROPODA","DECAPODA","DECAPODA SHRIMP","UPOGEBIA SP",19,101,276,965,13,32,361,12,116,36
"CTENOPHORA","CTENOPHORA","CTENOPHORA","MERTENSIA OVUM",19,101,276,965,1,1,3,1,3,3
"FISH","OTHER FISH","STOMIAS BOA","STOMIAS BOA",19,101,276,965,57,190,212,25,26,1
"FISH","GADIDAE","MERLUCCIUS BILINEARIS","MERLUCCIUS BILINEARIS OTOLITHS",19,101,276,965,57,190,212,13,15,2
"FISH","GADIDAE","GADIDAE","GADIDAE OTOLITHS",19,101,276,965,57,190,212,13,15,2
"MOLLUSCA","CEPHALOPODA","OCTOPODA","BATHYPOLYPUS ARCTICUS",19,101,276,965,6,20,130,10,18,3
"FISH","PERCICHTHYIDAE","MORONE SAXATILIS","MORONE SAXATILIS",19,101,276,965,57,190,212,1,1,1
"FISH","SALMO SALAR","SALMO SALAR","SALMO SALAR",19,101,276,965,57,190,212,1,1,1
"ARTHROPODA","DECAPODA","PENAEIDAE","PENAEIDAE LARVAE",19,101,276,965,13,32,361,12,116,5
"ARTHROPODA","STOMATOPODA","STOMATOPODA","STOMATOPODA LARVAE",19,101,276,965,13,32,361,1,5,5
"ARTHROPODA","DECAPODA","HOMARUS AMERICANUS","HOMARUS AMERICANUS LARVAE",19,101,276,965,13,32,361,12,116,2
"FISH","CLUPEIDAE","CLUPEA HARENGUS","CLUPEA HARENGUS EGGS",19,101,276,965,57,190,212,8,10,2
"FISH","OTHER FISH","PARALEPIDAE","PARALEPIDAE",19,101,276,965,57,190,212,25,26,1
"FISH","FISH EGGS","FISH EGGS","HEMITRIPTERUS AMERICANUS EGGS",19,101,276,965,57,190,212,2,8,7
"FISH","TETRAODONTIDAE","TETRAODONTIDAE","TETRAODONTIDAE",19,101,276,965,57,190,212,2,2,1
"MOLLUSCA","CEPHALOPODA","SEPIOLIDAE","STOLOTEUTHIS LEUCOPTERA",19,101,276,965,6,20,130,10,18,2
"OTHER","OTHER","OTHER","AVES",19,101,276,965,1,2,14,2,14,13
"MOLLUSCA","BIVALVIA","BIVALVIA","ASTARTE SP SHELL",19,101,276,965,6,20,130,5,66,56
"ARTHROPODA","COPEPODA","COPEPODA","HARPACTICOIDA",19,101,276,965,13,32,361,1,13,13
"ARTHROPODA","DECAPODA","DECAPODA CRAB","HIPPIDAE",19,101,276,965,13,32,361,12,116,35
"FISH","SPHYRAENIDAE","SPHYRAENA BOREALIS","SPHYRAENA BOREALIS",19,101,276,965,57,190,212,2,2,1
"FISH","FISH LARVAE","FISH LARVAE","GLYPTOCEPHALUS CYNOGLOSSUS LARVAE",19,101,276,965,57,190,212,2,12,11
"OTHER","OTHER","OTHER","MARINE MAMMAL",19,101,276,965,1,2,14,2,14,13
"OTHER","OTHER","OTHER","MARINE MAMMAL REMAINS",19,101,276,965,1,2,14,2,14,13
"ARTHROPODA","INSECTA","INSECTA","INSECTA",19,101,276,965,13,32,361,1,1,1
"FISH","RAJIFORMES","RAJA GARMANI","RAJA GARMANI",19,101,276,965,57,190,212,6,6,1
"FISH","RAJIFORMES","RAJA EGLANTERIA","RAJA EGLANTERIA",19,101,276,965,57,190,212,6,6,1
"MOLLUSCA","GASTROPODA","GASTROPODA","OPISTHOBRANCHIA",19,101,276,965,6,20,130,2,38,33
"MOLLUSCA","BIVALVIA","ARCTICA ISLANDICA VISCERA","ARCTICA ISLANDICA VISCERA",19,101,276,965,6,20,130,5,66,1
"UNOBS","UNOBS","UNOBS","UNOBSERVED",19,101,276,965,1,1,1,1,1,1
"MOLLUSCA","BIVALVIA","BIVALVIA","SOLENIDAE VISCERA",19,101,276,965,6,20,130,5,66,56
"FISH","OTHER FISH","CALLIONYMIDAE","CALLIONYMIDAE",19,101,276,965,57,190,212,25,26,1
"FISH","OTHER FISH","CHAULIODUS SLOANI","CHAULIODUS SLOANI",19,101,276,965,57,190,212,25,26,1
"MOLLUSCA","BIVALVIA","BIVALVIA","MYTILIDAE SHELL",19,101,276,965,6,20,130,5,66,56
"FISH","TRIGLIDAE","PRIONOTUS EVOLANS","PRIONOTUS EVOLANS",19,101,276,965,57,190,212,6,6,1
"FISH","ANGUILLIFORMES","OPHICHTHUS CRUENTIFER","OPHICHTHUS CRUENTIFER",19,101,276,965,57,190,212,8,8,1
"FISH","SYNGNATHIDAE","SYNGNATHUS SP","SYNGNATHUS SP",19,101,276,965,57,190,212,5,5,1
"MOLLUSCA","BIVALVIA","BIVALVIA","BIVALVIA LARVAE",19,101,276,965,6,20,130,5,66,56
"ARTHROPODA","DECAPODA","DECAPODA CRAB","CARCINUS MAENAS",19,101,276,965,13,32,361,12,116,35
"FISH","SHARK","SQUALIDAE","SQUALIDAE",19,101,276,965,57,190,212,3,3,1
"ARTHROPODA","DECAPODA","DECAPODA CRAB","LEUCOSIIDAE",19,101,276,965,13,32,361,12,116,35
"ARTHROPODA","DECAPODA","DECAPODA CRAB","BATHYNECTES LONGISPINA",19,101,276,965,13,32,361,12,116,35
"FISH","FISH LARVAE","FISH LARVAE","PLEURONECTIDAE LARVAE",19,101,276,965,57,190,212,2,12,11
"MOLLUSCA","BIVALVIA","BIVALVIA","MYA ARENARIA",19,101,276,965,6,20,130,5,66,56
"MOLLUSCA","BIVALVIA","BIVALVIA","CARDIIDAE",19,101,276,965,6,20,130,5,66,56
"MOLLUSCA","GASTROPODA","GASTROPODA","ACMAEIDAE",19,101,276,965,6,20,130,2,38,33
"MOLLUSCA","GASTROPODA","GASTROPODA","GASTROPODA VISCERA",19,101,276,965,6,20,130,2,38,33
"MOLLUSCA","BIVALVIA","ARCTICA ISLANDICA SHELL","ARCTICA ISLANDICA SHELL",19,101,276,965,6,20,130,5,66,1
"MOLLUSCA","CEPHALOPODA","LOLIGO SP","LOLIGO SP GLADIUS",19,101,276,965,6,20,130,10,18,3
"MOLLUSCA","GASTROPODA","GASTROPODA","TROCHIDAE",19,101,276,965,6,20,130,2,38,33
"FISH","GADIFORMES","GADIFORMES","GADIFORMES",19,101,276,965,57,190,212,1,1,1
"FISH","CHLOROPHTHALMIDAE","CHLOROPHTHALMUS AGASSIZI","CHLOROPHTHALMUS AGASSIZI",19,101,276,965,57,190,212,2,2,1
"ARTHROPODA","DECAPODA","CALLINECTES SAPIDUS","CALLINECTES SAPIDUS",19,101,276,965,13,32,361,12,116,1
"FISH","PETROMYZONTIDAE","PETROMYZONTIDAE","PETROMYZONTIDAE",19,101,276,965,57,190,212,1,1,1
"ARTHROPODA","DECAPODA","DECAPODA CRAB","ACANTHOCARPUS ALEXANDRI",19,101,276,965,13,32,361,12,116,35
"ARTHROPODA","DECAPODA","DECAPODA LARVAE","DECAPODA CRAB ZOEA",19,101,276,965,13,32,361,12,116,6
"MOLLUSCA","BIVALVIA","BIVALVIA","SOLENIDAE SIPHON",19,101,276,965,6,20,130,5,66,56
"MOLLUSCA","CEPHALOPODA","ILLEX ILLECEBROSUS","ILLEX ILLECEBROSUS",19,101,276,965,6,20,130,10,18,1
"MOLLUSCA","BIVALVIA","PECTINIDAE","ARGOPECTEN IRRADIANS",19,101,276,965,6,20,130,5,66,7
"FISH","SOLEIDAE","SOLEIDAE","SOLEIDAE",19,101,276,965,57,190,212,4,4,1
"ARTHROPODA","MYSIDACEA","MYSIDACEA","MYSIDAE",19,101,276,965,13,32,361,1,9,9
"ARTHROPODA","DECAPODA","DECAPODA CRAB","GERYON QUINQUEDENS",19,101,276,965,13,32,361,12,116,35
"ARTHROPODA","DECAPODA","DECAPODA CRAB","PANOPEUS HERBSTII",19,101,276,965,13,32,361,12,116,35
"FISH","ENGRAULIDAE","ENGRAULIS EURYSTOLE","ENGRAULIS EURYSTOLE",19,101,276,965,57,190,212,5,5,1
"FISH","CARANGIDAE","CARANGIDAE","CARANGIDAE",19,101,276,965,57,190,212,4,4,1
"FISH","SYNGNATHIDAE","SYNGNATHUS FUSCUS","SYNGNATHUS FUSCUS",19,101,276,965,57,190,212,5,5,1
"CHORDATA","HEMICHORDATA","HEMICHORDATA","HEMICHORDATA",19,101,276,965,2,2,2,1,1,1
"CNIDARIA","CNIDARIA","SCYPHOZOA","AURELIA AURITA",19,101,276,965,1,4,20,4,20,3
"FISH","CHONDRICHTHYES","CHONDRICHTHYES","CHONDRICHTHYES",19,101,276,965,57,190,212,1,1,1
"ECHINODERMATA","ASTEROIDEA","ASTEROIDEA","ASTROPECTEN SP",19,101,276,965,6,7,39,1,6,6
"MOLLUSCA","GASTROPODA","GASTROPODA","NUCELLA SP",19,101,276,965,6,20,130,2,38,33
"ARTHROPODA","DECAPODA","DECAPODA","DECAPODA EGGS",19,101,276,965,13,32,361,12,116,2
"ARTHROPODA","AMPHIPODA","CAPRELLIDAE","CAPRELLA SP",19,101,276,965,13,32,361,4,147,4
"ARTHROPODA","DECAPODA","DECAPODA SHRIMP","CALLIANASSIDAE",19,101,276,965,13,32,361,12,116,36
"ARTHROPODA","COPEPODA","COPEPODA","HARPACTICIDAE",19,101,276,965,13,32,361,1,13,13
"FISH","OTHER FISH","MACRORHAMPHOSUS SCOLOPAX","MACRORHAMPHOSUS SCOLOPAX",19,101,276,965,57,190,212,25,26,1
"FISH","SCIAENIDAE","MENTICIRRHUS SAXATILIS","MENTICIRRHUS SAXATILIS",19,101,276,965,57,190,212,6,6,1
"MOLLUSCA","GASTROPODA","GASTROPODA","EUSPIRA HEROS",19,101,276,965,6,20,130,2,38,33
"CNIDARIA","CNIDARIA","HYDROZOA","LEPTOMEDUSAE",19,101,276,965,1,4,20,4,20,8
"FISH","RAJIFORMES","RAJA RADIATA","RAJA RADIATA",19,101,276,965,57,190,212,6,6,1
"ARTHROPODA","DECAPODA","DECAPODA SHRIMP","AXIUS SP",19,101,276,965,13,32,361,12,116,36
"ARTHROPODA","DECAPODA","CRANGONIDAE","PONTOPHILUS SP",19,101,276,965,13,32,361,12,116,8
"MISCELLANEOUS","MISCELLANEOUS","MISCELLANEOUS","METAL",19,101,276,965,1,1,15,1,15,15
"ECHINODERMATA","ASTEROIDEA","ASTEROIDEA","CTENODISCUS CRISPATUS",19,101,276,965,6,7,39,1,6,6
"FISH","RAJIFORMES","RAJA SP EGGS","RAJA SP EGGS",19,101,276,965,57,190,212,6,6,1
"FISH","FISH LARVAE","FISH LARVAE","COTTIDAE LARVAE",19,101,276,965,57,190,212,2,12,11
"MOLLUSCA","BIVALVIA","BIVALVIA","CARDIIDAE SHELL",19,101,276,965,6,20,130,5,66,56
"ARTHROPODA","DECAPODA","PAGUROIDEA","PAGURUS POLLICARIS",19,101,276,965,13,32,361,12,116,10
"ARTHROPODA","DECAPODA","DECAPODA LARVAE","DECAPODA CRAB LARVAE",19,101,276,965,13,32,361,12,116,6
"MOLLUSCA","GASTROPODA","GASTROPODA","BUCCINUM UNDATUM",19,101,276,965,6,20,130,2,38,33
"ARTHROPODA","DECAPODA","DECAPODA CRAB","DIOGENIDAE",19,101,276,965,13,32,361,12,116,35
"ARTHROPODA","DECAPODA","DECAPODA CRAB","CALAPPIDAE",19,101,276,965,13,32,361,12,116,35
"FISH","SCORPAENIDAE","SCORPAENIDAE","SCORPAENIDAE",19,101,276,965,57,190,212,3,3,1
"MOLLUSCA","BIVALVIA","BIVALVIA","SPISULA SOLIDISSIMA VISCERA",19,101,276,965,6,20,130,5,66,56
"MOLLUSCA","BIVALVIA","BIVALVIA","LIMIDAE",19,101,276,965,6,20,130,5,66,56
"ECHINODERMATA","OPHIUROIDEA","OPHIUROIDEA","EURYALINA",19,101,276,965,6,7,39,1,16,16
"ARTHROPODA","PYCNOGONIDA","PYCNOGONIDA","PYCNOGONUM LITTORALE",19,101,276,965,13,32,361,1,4,4
"ARTHROPODA","CRUSTACEA","CRUSTACEAN SHRIMP","CRUSTACEA SHRIMP LARVAE",19,101,276,965,13,32,361,4,5,2
"WORMS","WORMS","PLATYHELMINTHES","TURBELLARIA",19,101,276,965,2,3,14,2,13,4
"FISH","TETRAODONTIDAE","SPHOEROIDES MACULATUS","SPHOEROIDES MACULATUS",19,101,276,965,57,190,212,2,2,1
"ARTHROPODA","DECAPODA","DECAPODA CRAB","PARTHENOPIDAE",19,101,276,965,13,32,361,12,116,35
"FISH","TRIGLIDAE","PRIONOTUS ALATUS","PRIONOTUS ALATUS",19,101,276,965,57,190,212,6,6,1
"MISCELLANEOUS","MISCELLANEOUS","MISCELLANEOUS","MISCELLANEOUS HUMAN TRASH",19,101,276,965,1,1,15,1,15,15
"OTHER","OTHER","PLANKTON","PLANKTON",19,101,276,965,1,2,14,2,14,1
"FISH","STERNOPTYCHIDAE","STERNOPTYCHIDAE","STERNOPTYCHIDAE",19,101,276,965,57,190,212,1,1,1
"FISH","FISH LARVAE","FISH LARVAE","CLUPEA HARENGUS LARVAE",19,101,276,965,57,190,212,2,12,11
"FISH","BOTHIDAE","CITHARICHTHYS SP","CITHARICHTHYS SP",19,101,276,965,57,190,212,9,9,1
"FISH","TRIGLIDAE","PRIONOTUS SP","PRIONOTUS SP",19,101,276,965,57,190,212,6,6,1
